Id,Id2,Total; Estimate; Total population,Total; Estimate; AGE - Under 5 years,Total; Estimate; AGE - 5 to 17 years,Total; Estimate; AGE - 18 to 24 years,Total; Estimate; AGE - 25 to 44 years,Total; Estimate; AGE - 45 to 54 years,Total; Estimate; AGE - 55 to 64 years,Total; Estimate; AGE - 65 to 74 years,Total; Estimate; AGE - 75 years and over,Total; Estimate; Median age (years),Total; Estimate; SEX - Male,Total; Estimate; SEX - Female,Total; Estimate; RACE AND HISPANIC OR LATINO ORIGIN - One race,Total; Estimate; RACE AND HISPANIC OR LATINO ORIGIN - One race - White,Total; Estimate; RACE AND HISPANIC OR LATINO ORIGIN - One race - Black or African American,Total; Estimate; RACE AND HISPANIC OR LATINO ORIGIN - One race - American Indian and Alaska Native,Total; Estimate; RACE AND HISPANIC OR LATINO ORIGIN - One race - Asian,Total; Estimate; RACE AND HISPANIC OR LATINO ORIGIN - One race - Native Hawaiian and Other Pacific Islander,Total; Estimate; RACE AND HISPANIC OR LATINO ORIGIN - One race - Some other race,"Total; Estimate; White alone, not Hispanic or Latino",Total; Estimate; EDUCATIONAL ATTAINMENT - Population 25 years and over,Total; Estimate; EDUCATIONAL ATTAINMENT - Population 25 years and over - Less than high school graduate,Total; Estimate; EDUCATIONAL ATTAINMENT - Population 25 years and over - High school graduate (includes equivalency),Total; Estimate; EDUCATIONAL ATTAINMENT - Population 25 years and over - Some college or associate's degree,Total; Estimate; EDUCATIONAL ATTAINMENT - Population 25 years and over - Bachelor's degree,Total; Estimate; EDUCATIONAL ATTAINMENT - Population 25 years and over - Graduate or professional degree,Total; Margin of Error; EDUCATIONAL ATTAINMENT - Population 25 years and over - Graduate or professional degree,Total; Estimate; INDIVIDUALS' INCOME IN THE PAST 12 MONTHS (IN 2014 INFLATION-ADJUSTED DOLLARS) - Population 15 years and over,"Total; Estimate; INDIVIDUALS' INCOME IN THE PAST 12 MONTHS (IN 2014 INFLATION-ADJUSTED DOLLARS) - Population 15 years and over - $1 to $9,999 or loss","Total; Estimate; INDIVIDUALS' INCOME IN THE PAST 12 MONTHS (IN 2014 INFLATION-ADJUSTED DOLLARS) - Population 15 years and over - $10,000 to $14,999","Total; Estimate; INDIVIDUALS' INCOME IN THE PAST 12 MONTHS (IN 2014 INFLATION-ADJUSTED DOLLARS) - Population 15 years and over - $15,000 to $24,999","Total; Estimate; INDIVIDUALS' INCOME IN THE PAST 12 MONTHS (IN 2014 INFLATION-ADJUSTED DOLLARS) - Population 15 years and over - $25,000 to $34,999","Total; Estimate; INDIVIDUALS' INCOME IN THE PAST 12 MONTHS (IN 2014 INFLATION-ADJUSTED DOLLARS) - Population 15 years and over - $35,000 to $49,999","Total; Estimate; INDIVIDUALS' INCOME IN THE PAST 12 MONTHS (IN 2014 INFLATION-ADJUSTED DOLLARS) - Population 15 years and over - $50,000 to $64,999","Total; Estimate; INDIVIDUALS' INCOME IN THE PAST 12 MONTHS (IN 2014 INFLATION-ADJUSTED DOLLARS) - Population 15 years and over - $65,000 to $74,999","Total; Estimate; INDIVIDUALS' INCOME IN THE PAST 12 MONTHS (IN 2014 INFLATION-ADJUSTED DOLLARS) - Population 15 years and over - $75,000 or more",Total; Estimate; Median income (dollars),Total; Estimate; POVERTY STATUS IN THE PAST 12 MONTHS - Population for whom poverty status is determined,Total; Estimate; POVERTY STATUS IN THE PAST 12 MONTHS - Population for whom poverty status is determined - Below 100 percent of the poverty level,Total; Estimate; POVERTY STATUS IN THE PAST 12 MONTHS - Population for whom poverty status is determined - 100 to 149 percent of the poverty level,Total; Estimate; POVERTY STATUS IN THE PAST 12 MONTHS - Population for whom poverty status is determined - At or above 150 percent of the poverty level
8600000US20601,20601,25881,5.5,20.3,9.7,27.4,18.7,10.4,5,3.1,35.9,48.3,51.7,95.9,42.1,48.9,0.7,2.8,0.1,1.5,39.2,16695,6.9,30.4,37.7,17,8,1.5,20759,13,6,11.3,6.4,11.8,8.9,5.9,23.4,42882,25809,5.6,2.8,91.7
8600000US20602,20602,26647,8.5,19.5,8.7,32.6,13.5,8.9,4.4,3.8,32.6,45.9,54.1,94.4,35.9,52,1,3.1,0,2.3,32.7,16841,9.4,37.7,30.3,15.2,7.4,1.4,20533,11.7,8.4,9.6,10.4,12,10.8,6,17.2,38095,26443,13.3,7.1,79.6
8600000US20603,20603,31733,6.6,23.7,9,27.8,17,9.8,4,2.2,34.4,47.2,52.8,95,33.2,54.9,0.1,5.6,0.5,0.7,29.1,19255,4.7,22.9,34.8,22,15.7,2.1,23878,10.3,4.5,8.3,4.9,10.6,12.3,5.7,27.8,53129,31604,5.9,4.7,89.5
8600000US20606,20606,408,1.5,14.5,8.6,16.4,15.9,7.1,12.3,23.8,50.5,55.6,44.4,100,96.6,3.4,0,0,0,0,94.4,308,17.9,35.1,42.9,4.2,0,10,368,20.7,13.6,14.7,10.1,3.8,13.3,0,9,23042,408,7.4,20.6,72.1
8600000US20607,20607,9730,4.5,19.6,5.8,24.3,19.4,17.3,5.3,3.9,41.9,47.9,52.1,97.3,21.6,70.3,0,4.8,0,0.5,20,6825,4.7,24.3,30.3,20.1,20.7,3.2,7767,9.9,4.9,6.7,7,11.7,12.7,4.4,34.1,54806,9702,1.8,3.9,94.3
8600000US20608,20608,744,3.9,12.8,3.4,24.2,22.8,11,12.2,9.7,47.6,49.6,50.4,98.5,50.5,46.2,1.7,0,0,0,49.1,595,21.8,39.3,28.2,7.9,2.7,3.1,656,11.9,9.9,10.4,12.3,12.8,11.1,2.3,12.5,33241,744,3.2,9.7,87.1
8600000US20609,20609,1090,5.6,19.1,8.4,21.5,10.4,13.9,12.8,8.4,42.6,56.2,43.8,91.8,91.7,0.2,0,0,0,0,89.8,729,16.3,35.4,28.5,12.3,7.4,5.5,845,15.5,8.3,14.1,9.3,12.2,9.6,3.2,18.2,33583,1090,11.1,2.8,86.1
8600000US20611,20611,945,1,13.4,6.6,18.8,18.9,20.4,9,11.9,51.4,49.9,50.1,94.2,73.4,13.4,2.9,4.4,0,0,71.6,747,3.2,37.2,38.8,12.7,8,4.9,863,9.7,6.8,12.7,10.3,18.2,7.9,6.7,18,39000,945,3.2,1.6,95.2
8600000US20612,20612,372,0,0,0,13.2,14,24.2,3.8,44.9,57.9,44.6,55.4,90.9,90.9,0,0,0,0,0,90.9,372,27.2,35.5,15.9,11.8,9.7,17.1,372,19.4,10.5,7.8,9.1,5.4,26.9,0,7,28971,372,0,33.1,66.9
8600000US20613,20613,14284,5.4,17.1,9.3,25.2,19.9,11.5,7.8,3.7,41.1,51.7,48.3,97.6,38.6,56.3,1.6,0.5,0,0.6,34,9729,9,30.6,34.8,16.9,8.7,2.2,11715,9.8,7,8.9,7.6,11.3,11.8,7.6,23.1,47377,14244,3.5,2.5,94
8600000US20615,20615,433,0,27.5,0,45.7,3.5,4.6,10.4,8.3,38.8,46.7,53.3,100,100,0,0,0,0,0,100,314,6.4,21,41.7,16.2,14.6,24.3,355,0,0,10.1,0,25.9,0,7.6,30.7,72870,433,0,11.5,88.5
8600000US20616,20616,6604,6.6,18.8,10.6,29.2,14.5,9.9,6.8,3.6,35.6,45.9,54.1,96.4,40.6,53.6,0.7,1.5,0,0,37.6,4223,9,36,36.3,14.3,4.4,2.3,5160,13.5,7.6,9,7.4,11.2,13.2,5.9,18.4,41815,6604,4.4,2.7,92.9
8600000US20617,20617,969,2.8,21.6,15.1,15.2,13.7,13.2,12.1,6.4,42.2,40.2,59.8,87,73.8,13.2,0,0,0,0,73.8,587,12.6,22.7,32,10.4,22.3,14.8,770,18.8,10,5.7,9.5,5.1,3.4,1.9,21.9,31346,969,20.7,0,79.3
8600000US20618,20618,811,2.8,10.2,18.1,21.9,11.1,17.5,14.9,3.3,41.4,46.6,53.4,100,77.9,22.1,0,0,0,0,77.9,558,11.3,38.2,37.6,7.2,5.7,5.6,744,21.5,1.2,14.8,7.3,18.5,22.6,0,7.3,40417,811,6.4,2.2,91.4
8600000US20619,20619,10886,8.9,19.4,6.4,33.8,16.1,8.5,3.7,3.2,31.9,48.5,51.5,95.9,83.2,7.9,0,3.5,0,1.2,78.4,7106,3.3,16.8,26.6,30,23.3,3.9,8255,8.7,4.9,7.1,9.3,11.4,9.1,4,33.2,53344,10886,5.3,2.9,91.8
8600000US20620,20620,1291,2.3,18,7.4,25,16.6,14.9,12,3.7,41.1,50.7,49.3,97.4,69.2,24.2,0,1.6,0,2.4,66.9,932,16.4,21.9,41.7,9.5,10.4,7.6,1125,20.7,8.2,9.8,14.8,13,4.8,10,13.5,30807,1288,4.7,3.6,91.7
8600000US20621,20621,1385,6.4,20.7,10.8,12.9,17.9,10,16.6,4.7,43.9,47.6,52.4,97.2,49.1,47.8,0.3,0,0,0,49.1,860,9,37.9,31.6,17,4.5,4.1,1050,19,4.7,11.9,16.1,13.8,6.8,7.6,10,33183,1385,6.9,13.6,79.5
8600000US20622,20622,4781,3.8,13.6,11.8,23.2,16,15.2,9,7.4,44.3,53.6,46.4,96.6,78.1,15.8,1.5,0.1,0,1.1,77.6,3387,11.2,40.7,28.8,10.7,8.6,3.5,4150,14,7.5,10,10.6,8.7,6.1,6.5,21.3,35219,4044,2.6,1.4,96
8600000US20623,20623,2773,3.1,19.5,13.1,20.9,21.9,13.3,5.7,2.5,38.3,42.2,57.8,89,20.1,67.4,0,1.1,0,0.4,19.7,1783,7.1,22.4,34.8,22.7,13,6.6,2356,13,5.3,6.5,2.4,8.3,19.2,7.2,22.6,53095,2697,4.5,0.6,94.8
8600000US20624,20624,1229,5.1,10.7,15.3,18.3,20,15.3,10.7,4.6,45.2,54.8,45.2,100,95.3,4.7,0,0,0,0,95.3,847,7.6,55,29.2,2.1,6.1,7.7,1074,9,11,9.9,10.9,21.2,14.7,10.4,5.3,40313,1229,4.6,4.6,90.7
8600000US20625,20625,630,6.5,11.1,4.4,16.8,19.2,11,15.6,15.4,50.6,40.3,59.7,98.6,93.2,1.3,0,4.1,0,0,93.2,491,9.6,41.3,30.8,9.4,9,6.6,519,8.1,4.4,20,17,14.1,11.2,4,13.7,33068,630,20.3,1.6,78.1
8600000US20626,20626,247,2.4,5.7,0,19,25.5,13,30.8,3.6,54.3,47,53,100,89.5,10.5,0,0,0,0,89.5,227,13.2,35.2,21.6,26.4,3.5,5.7,227,15,3.5,21.1,7,3.5,6.6,6.2,26,30938,247,16.6,0,83.4
8600000US20628,20628,133,11.3,15.8,0,16.5,9.8,0,26.3,20.3,46.4,65.4,34.6,100,100,0,0,0,0,0,100,97,34,35.1,0,0,30.9,40.9,103,0,0,39.8,7.8,5.8,0,0,40.8,34844,133,0,9.8,90.2
8600000US20629,20629,263,7.2,0,0,21.7,11.4,26.2,17.9,15.6,59.3,44.5,55.5,100,100,0,0,0,0,0,78.3,244,11.1,22.1,42.2,19.3,5.3,7.3,244,4.1,0,4.9,4.9,5.3,19.7,11.1,26.6,64803,263,0,0,100
8600000US20630,20630,291,23.4,4.8,6.9,9.3,19.2,23.7,12.7,0,47.6,46,54,100,100,0,0,0,0,0,100,189,0,43.9,20.6,13.8,21.7,25.6,209,0,0,6.2,6.2,28.7,25.8,0,26.8,55179,291,0,0,100
8600000US20632,20632,359,15.6,9.7,8.4,25.9,24,10.6,3.9,1.9,40.9,57.4,42.6,96.7,83.8,12.8,0,0,0,0,83.8,238,16,59.7,10.9,13.4,0,12.7,292,12.7,2.4,12.3,14,12.7,19.2,3.1,7.2,35313,353,4,5.4,90.7
8600000US20634,20634,6769,8.5,18.7,3.5,35.3,16.2,11.3,4.7,1.8,34.6,47.4,52.6,97.7,69,24.8,0.3,2.6,0,0.9,66.4,4692,14.5,32.3,32.7,13.6,6.9,2.9,5077,18.8,5.7,7.1,11.1,11.9,8,5.9,20.9,36829,6764,9.2,8.9,81.9
8600000US20636,20636,10280,6.8,18.6,6.9,25.3,16.6,11.8,8.3,5.7,39.6,51.2,48.8,97.9,89.7,5.1,0,1.9,0,1.1,89.1,6967,6.7,30.8,28.7,18.7,15.1,3.8,8140,10.1,4.5,12,7.7,13.6,9.3,4.2,27.3,45831,10271,2.5,1.9,95.6
8600000US20637,20637,5102,2.9,14.2,9.8,20.2,24.7,15.9,7.7,4.7,46.4,48.5,51.5,96.7,76.7,16,0,4.1,0,0,74.5,3734,11,29.7,30.4,18.8,10.1,3.8,4409,15.3,4.6,10.5,8.4,8.1,10.8,4.6,29.5,47696,5100,5.5,0.5,94
8600000US20639,20639,14682,4.8,20.4,8.9,20.1,21.7,12.3,7.7,4.2,41.6,50.7,49.3,96.5,80.8,13.1,0.4,1.8,0,0.5,80.7,9684,6.9,30.7,26,22.1,14.3,2.6,11878,13.3,4.7,8.5,7.9,12.7,8.7,6,25.9,45157,14663,2.2,1.8,96.1
8600000US20640,20640,10579,8.1,19.2,10.7,27,15.3,9.5,6.1,4.1,35,48.7,51.3,95.7,46.8,44.4,1.9,1.9,0.1,0.6,45.9,6562,12,34.2,38.6,9.1,6.1,1.9,8214,14.8,8.1,10.2,8.6,11.9,12.3,4.3,14.7,35855,10449,8.2,9.6,82.3
8600000US20645,20645,1117,0,28,5.3,30.3,14.5,9.7,10.2,2,40.9,55.2,44.8,97,83.4,13.5,0,0,0,0,80.2,745,2.1,29.4,33.3,29.5,5.6,3.9,870,19.5,2.8,4.4,5.3,5.3,6.1,2.4,36.3,61000,1117,2.2,8.5,89.3
8600000US20646,20646,18937,5.8,17.6,7.3,23.3,16.6,14.8,8.3,6.5,42.4,50.7,49.3,98.2,75,19.4,0.4,2.8,0,0.6,70.8,13135,7.8,29.7,32.1,18.3,12.2,2.1,15386,11.3,5.1,9.5,9.3,10,10.2,4,25.3,44829,18048,7,4.4,88.6
8600000US20650,20650,13472,7,17.3,7.5,22.9,17.7,13.1,6.6,7.9,42.6,51.1,48.9,99.1,87.6,9.3,0.4,1.8,0,0.1,85.7,9183,10.7,29.3,23.6,19.4,17,3.2,10638,14.5,5.6,9.6,7.3,10.4,9.2,4.8,26,44018,13065,5.3,7.5,87.3
8600000US20653,20653,25580,8.2,19.3,11.6,30.3,13,9.9,5.3,2.3,30.5,50.6,49.4,95.1,63.1,26.3,0.6,4.7,0,0.4,56.6,15572,9.1,29.4,29.2,20.3,12,2.3,19711,15.6,6.1,11.7,9.2,10.7,8.6,4.1,19.4,35059,24906,11.6,5.9,82.5
8600000US20657,20657,19639,7.6,20.2,9.5,23.9,18.2,12.4,5.1,3.1,34.7,47.6,52.4,97,81.7,13.4,0,1,0,0.8,78.8,12309,6.1,31.7,38.6,12.5,11.1,1.9,15288,15.1,6.3,8.9,8.1,12.2,11.7,5.8,19,40763,19548,7.1,3.4,89.5
8600000US20658,20658,1005,3.7,17.4,8.8,18.3,21.6,9.8,14.2,6.3,45.7,53.6,46.4,96,71.7,21.8,0.8,1.7,0,0,71.7,705,7.5,46.7,30.6,11.1,4.1,3.7,832,11.3,5.3,9.5,5.5,13.8,13.1,7.1,20.4,44091,1005,7.3,6.6,86.2
8600000US20659,20659,24010,4.9,21.2,10.1,23.6,17.3,11.8,7.1,4,38,49.6,50.4,97.8,86.2,9.6,0.2,1.1,0,0.6,84.1,15325,9.9,41.2,30.2,11.2,7.5,2,19048,13.7,4.7,11.9,9.8,12.9,8.2,5.5,20.7,39002,23948,4.4,3.5,92.1
8600000US20660,20660,28,0,3.6,0,0,0,0,0,96.4,-,3.6,96.4,100,100,0,0,0,0,0,100,27,0,100,0,0,0,57.1,28,100,0,0,0,0,0,0,0,-,28,100,0,0
8600000US20662,20662,2836,3.6,19,7.2,17.8,18.8,17.5,11.2,4.9,46.4,51.8,48.2,100,64.2,35.8,0,0,0,0,63.8,1993,21.6,40.3,20.9,9.4,7.8,3.6,2395,14.7,7.6,13.8,5.1,10.9,10.8,5.3,13.3,34539,2769,15.6,7.3,77.1
8600000US20664,20664,2746,6.8,10.8,9.1,28.4,11.4,15,13.4,5.1,40.6,47.2,52.8,100,75.6,20.6,0.5,3.2,0,0,74.5,2012,13.2,46.7,24.3,7.7,8.2,3.6,2322,11.8,8.7,15.2,10.1,12.9,11.5,7.4,12.6,33983,2736,13.5,6.3,80.2
8600000US20667,20667,485,0,2.9,23.3,21.6,32.6,11.8,0,7.8,47.4,50.7,49.3,83.3,78.1,4.1,0,1,0,0,78.1,358,5.6,27.4,39.9,5.6,21.5,21.7,471,14.4,1.9,3.8,18,4.7,16.3,9.3,13.8,36591,433,0,0,100
8600000US20670,20670,1421,10.5,22.6,19.9,44.1,2.5,0.4,0,0,23.1,58,42,93.7,71.9,15.9,0.4,3.9,0.4,1.3,61.3,668,1.6,27.8,45.1,15.1,10.3,6.4,976,6.7,1.3,13.7,19.8,12.3,11.9,6.1,8.7,34455,1106,4.1,6.2,89.7
8600000US20674,20674,813,3.3,14,2.8,14.6,22,21.4,14.8,7,53.7,47,53,95.3,92.1,0,0,3.2,0,0,92.1,649,9.1,30,30.4,18.3,12.2,8.1,715,19.6,5.9,8.3,3.4,11.9,15.2,3.1,20.3,40714,813,17.6,3.4,79
8600000US20675,20675,1398,3.6,10,4.4,20.7,20.9,18.7,15.5,6.2,50.9,50.8,49.2,94.7,68.9,18.9,4.7,2.2,0,0,67.4,1146,14,23.4,37.6,19.9,5.1,3.6,1227,15.9,4,11.2,13.5,9.2,13.5,2.1,23.1,39208,1386,14.5,1.1,84.4
8600000US20676,20676,4478,8,22.4,6.7,24.1,16.5,11.6,6.8,3.8,38.8,54.4,45.6,100,88.3,11.1,0.5,0,0,0,87.4,2815,9.3,33,27.3,19.4,11,4,3291,14.7,4.5,9,10.4,12.6,9.5,4.6,22.5,42015,4478,4.8,7.7,87.6
8600000US20677,20677,2270,2.4,21.9,10.7,20,21.6,12.1,7.3,3.9,42.9,50.4,49.6,97.5,77.7,18.1,0,1.3,0,0.4,77.7,1474,7.2,25,28,26.9,12.8,5.2,1863,12.9,6.3,10,5.7,7.6,4.8,4,34.2,50714,2270,3.3,3.2,93.6
8600000US20678,20678,12285,4.6,18.1,8.5,26.8,15.4,13.2,6.9,6.5,40.5,50.3,49.7,96.5,69.5,25.7,0,1.3,0,0,65.9,8458,12,38.3,30.2,12.2,7.3,1.7,9977,13.7,8,12.1,10,10.5,8.3,7.1,18.2,35172,11822,9.5,6.3,84.2
8600000US20680,20680,1461,10.5,13.1,6.2,25.4,27.7,8.6,4.2,4.2,44.1,37.4,62.6,87.5,65.2,22.2,0,0.1,0,0,65.2,1024,2,40.2,45.2,6.1,6.5,6.1,1202,8.7,3.8,16.6,15,17.7,12.9,0.7,17.4,40181,1461,13.8,7.9,78.3
8600000US20684,20684,1116,14.3,11.3,16,26.7,8.2,11.4,6.2,5.9,31,35.3,64.7,89,75.4,12.9,0,0.7,0,0,75.4,651,6.8,32.6,37.2,14.7,8.8,7.9,836,23.6,8.3,24,6.8,0,3.5,7.7,20.5,19939,1108,8.3,37.3,54.4
8600000US20685,20685,6313,4.1,18.8,8.6,19.7,23,13.7,8.4,3.8,44.6,52,48,97.1,81.8,11.5,0.7,0.7,0,2.4,79.7,4330,5.2,31.1,34.5,18.8,10.4,2.9,5229,11.4,6.6,8.3,8.1,12.1,9,5.3,26,46502,6305,5.8,3.7,90.5
8600000US20686,20686,1020,0,9.2,84.3,6.5,0,0,0,0,19.9,40.4,59.6,99.1,87.8,5.8,0,2.9,1.5,1.1,84,66,0,0,0,0,100,36.3,986,63.5,0.9,2.4,0,1.6,0.2,0,10.3,2714,172,0,0,100
8600000US20687,20687,379,0,12.9,0,13.5,16.6,25.3,31.7,0,60.1,45.4,54.6,96.3,96.3,0,0,0,0,0,85,330,4.2,27.6,23.9,20,24.2,22.8,360,15,0,18.1,19.7,13.3,25.8,8.1,0,31842,379,0,0,100
8600000US20688,20688,1559,1.9,4.4,2.4,13.8,13.9,9.8,15.4,38.5,68.2,47.5,52.5,96.9,91.3,4.8,0,0.8,0,0,90.3,1424,8.6,11.3,21.1,32,27.1,9.2,1472,12.7,7.5,10.1,12.1,15.3,9.7,5.7,21.9,39909,1424,7.9,2.3,89.7
8600000US20689,20689,1440,6.3,15.4,11.1,19.2,22.2,14.9,7.9,2.9,41.3,44.7,55.3,99.2,74.7,22.8,0,0,0,1.7,74.1,968,8.7,36.6,29.1,14.4,11.3,5.9,1175,12.3,8.7,8.8,3.7,9.3,12,5.4,30.3,53669,1422,3.6,0,96.4
8600000US20690,20690,567,0,23.1,0,7.1,26.8,22,19.4,1.6,54,52.4,47.6,96.1,92.1,0,0,4.1,0,0,92.1,436,6.7,11.9,24.3,17.7,39.4,11.2,462,2.6,10,5.2,5.4,5.8,0,3,50.2,84792,567,9.3,2.3,88.4
8600000US20692,20692,1676,6.4,12.5,7,23.9,19.4,21,3,6.7,45,49.3,50.7,99.1,97.4,1.7,0,0,0,0,96.1,1240,6.2,27.7,40.3,16.1,9.6,4.8,1411,5.5,2.8,13.7,13.2,12.8,5.4,3.6,26.6,40302,1676,4.1,2.4,93.5
8600000US20693,20693,1243,2.6,13.1,11.8,18.2,26.9,9.9,12.5,5.1,46.6,51.5,48.5,95.3,77,12,6.3,0,0,0,76,901,15.4,30.1,24.6,21.3,8.5,5.4,1075,12.4,11.5,7.8,10.1,9.2,12,3.3,25,42639,1243,1.1,2.6,96.3
8600000US20695,20695,4829,4.2,16.9,6.8,23.6,18.3,14.3,11.6,4.3,44.4,48.9,51.1,96.2,46.3,45.5,0,2.3,0,2.1,46.3,3481,4.7,30.8,33.7,16.8,14,3.5,4009,13,4.2,9.2,5.7,12.9,13.7,4.4,29.8,50885,4829,2.1,3.3,94.6
8600000US20701,20701,92,0,0,6.5,57.6,25,10.9,0,0,40.5,0,100,100,45.7,54.3,0,0,0,0,43.5,86,37.2,32.6,27.9,0,2.3,6,92,37,3.3,0,0,0,0,0,0,"2,500-",0,-,-,-
8600000US20705,20705,26658,7.3,18.2,6.5,30.6,15.7,10.7,6.4,4.6,37.1,48,52,96.8,30.2,36.7,0.7,15.3,0,14,21.5,18111,16.6,24.2,24.5,22,12.7,1.9,20761,13.5,7,10.6,10.4,14.4,12.2,4.6,15.3,37234,26499,10.4,4.2,85.5
8600000US20706,20706,38682,7,18.6,10.7,25.5,14.1,13.4,6.5,4.3,36.4,48.5,51.5,98.1,15.5,69,0.2,3.9,0,9.6,7.2,24642,16.6,26.9,30.5,16.1,9.8,1.3,30587,13.6,6.1,10.1,12.5,15.7,8.9,5.2,11.8,34559,38313,10.4,6.7,83
8600000US20707,20707,32099,8,14.6,7.1,33.4,14.5,11.5,6.7,4.3,36.5,46.9,53.1,96.4,37.4,43.8,0.5,8.5,0,6.1,30,22567,12.3,22.8,25.4,22.2,17.4,1.7,25747,12.4,5.4,11,9.5,13.7,12.7,6.5,18.5,41931,31804,7.7,4.5,87.8
8600000US20708,20708,25375,9.4,17,8.5,32.3,14.5,9.7,4.9,3.8,33.7,46.5,53.5,97.2,22.3,62.1,0,6,0,6.8,18,16530,12.3,24.7,26.7,22.8,13.5,1.7,19431,12.3,5.3,9.4,10.4,16.4,13.3,5.1,16.3,41551,24915,7.1,6.1,86.9
8600000US20710,20710,9559,8.2,17.5,9.8,33.4,10.5,10.4,6,4.2,34.6,45.7,54.3,99.1,15.7,63.5,0,1.8,0,18.1,4.1,6170,23.3,37.3,26.3,7.9,5.3,1.8,7457,12.8,11.3,17.6,14.8,14.9,8.4,3.5,5.8,27465,9503,18.1,9.7,72.2
8600000US20711,20711,6586,5.8,17,8.9,23.9,17.4,13.6,7.5,5.9,39.7,49,51,98.1,76.4,15.8,0.1,1.4,0,4.4,74,4496,15.4,42.6,24.1,9.2,8.8,4.5,5366,16,4.9,13.5,6.7,14.2,10.2,5.8,16.6,37611,6586,12.4,8,79.7
8600000US20712,20712,9000,8.9,15,8.6,37.7,10.9,12.4,4.8,1.8,32.5,46.3,53.7,96.2,31.2,49.3,0,1,0,14.7,12.4,6077,26.4,25.5,20.3,17.9,10,2.5,7143,11.4,5.7,17.6,15.8,14.3,8.2,4.1,9.3,29427,8988,14.8,10.6,74.7
8600000US20714,20714,4598,4.3,20.1,7,27.4,14,13.7,7.5,6,37.1,46.8,53.2,95.7,84.2,3.4,0.3,1,0,6.7,82.9,3152,9.4,37.6,30.1,13.3,9.6,3.8,3630,11.5,5.3,11,13.7,12.2,10.3,4.9,21.6,40098,4563,10.4,1.6,88
8600000US20715,20715,26906,6.2,15.8,11.8,23.8,15.9,12.1,6.9,7.4,39.5,49.9,50.1,96,62.3,26.8,0.7,4,0.1,2.2,56.3,17782,4.5,20.1,29,26.5,19.9,2,21865,15.5,5.5,9.8,9.8,10.6,10.3,4.2,24.2,40968,25402,2.9,3.5,93.6
8600000US20716,20716,21184,6.8,17.9,8.2,28.3,16.8,11.9,6.2,3.9,38.2,47,53,96,28.1,62,0,4.1,0,1.7,24.2,14210,5.3,18.8,31.5,25.7,18.6,2.2,16863,11.4,6.1,8.4,8.4,9.8,12.5,6.6,26.6,50564,21007,3.8,2.6,93.6
8600000US20720,20720,22097,7.3,15.2,10.1,28.1,16.7,13.3,7.1,2.1,38.6,47.6,52.4,95.9,24.7,60.5,0.2,9.5,0,1.1,21.7,14883,6.1,15,26.6,29,23.3,2.9,17818,13,4.9,6.9,7.6,9.7,10.8,5.8,31.3,53057,21962,3.3,1.4,95.3
8600000US20721,20721,27847,7.3,17,7.9,21.9,17.9,15.6,7.8,4.6,42.4,45.9,54.1,98.1,8.4,86.3,0.3,2.5,0,0.5,7.5,18863,3.1,14.3,30.4,28.3,23.8,1.9,22539,11.8,4.5,6.4,5.4,10,10.5,6.1,32.9,56885,27396,4.8,1.8,93.3
8600000US20722,20722,5883,6.7,16.1,11.7,28.5,14.9,10.8,7.6,3.7,35.7,48.1,51.9,98.6,39.5,36.5,0,4.2,0,18.4,10.5,3848,33.8,27.4,23.6,9,6.2,1.6,4704,14.2,9.3,16,14.9,13.1,8.4,2.8,5.9,26652,5882,15.1,11.4,73.5
8600000US20723,20723,31049,6.9,20.6,7.7,30.3,16.5,11.3,4.7,1.8,35.8,47.6,52.4,94.9,49,28.1,0.4,16.1,0,1.3,45,20082,4.2,19.7,24.9,27.6,23.7,2.2,23986,11.9,3.9,8.1,8.1,10.9,9.2,5.5,30.9,52399,31013,4.2,4.2,91.6
8600000US20724,20724,17000,9,14.6,7.8,36.5,17.6,8.4,4,2.2,34.2,48,52,95.9,38.7,48.2,0,4.7,0,4.3,33.6,11663,8.9,19.9,29.4,20.5,21.3,3.6,13547,7.6,6.5,9.4,10.5,13,11.3,7.5,24.9,46792,16774,3.1,4.2,92.7
8600000US20732,20732,9861,6,19.8,9.6,27.5,17.4,12,5.1,2.7,35.5,47.3,52.7,95.3,85.1,9,0,0.8,0,0.4,83.3,6375,8,29.2,33.2,17.7,11.9,2.8,7893,14.5,5.3,8.1,10.1,15.3,10.2,3.7,22,41155,9838,7.4,3,89.6
8600000US20733,20733,2747,5.5,16.9,8,22.2,20.4,16,6.9,4,42,52,48,91.8,83.8,6.7,0,0,0,1.2,80.9,1911,6.2,31.9,31.7,18.2,12,3.8,2239,13.5,5,8.4,5.3,11.7,12.2,8.4,25.1,51222,2747,2.3,1.9,95.8
8600000US20735,20735,38237,5.8,16.7,8.5,24.5,17.6,14.3,8,4.6,41.5,47.5,52.5,97.7,10.1,83.5,0.1,2.6,0,1.2,7.9,26391,7.5,30.6,33.4,17.7,10.8,1.4,31176,11.3,4.9,9.8,9.7,11.6,11.7,6.2,23.8,45415,37498,4.9,2.8,92.3
8600000US20736,20736,9517,3.5,21.1,8.4,19.8,18.7,14.7,8.1,5.6,44,50.9,49.1,99.2,85.6,10.6,0.2,2.6,0,0.2,83.6,6373,5.4,31.3,30.4,18.1,14.8,3.1,7697,13.8,6.3,8.8,6.9,10.8,8.2,6.2,28.2,47906,9507,1.8,2.4,95.8
8600000US20737,20737,21248,10,20.2,10.8,32.4,13.2,6.9,3.5,3.1,29.6,52.2,47.8,96.9,50.1,36.4,1,3,0.2,6.1,13.3,12546,33.5,24.8,24.1,10.9,6.7,1.3,15808,10.7,6.6,18.9,15,13.2,7.4,3.6,7.5,27470,21013,16.5,12.7,70.7
8600000US20740,20740,29017,4.9,8.2,35.6,26.5,8.2,8.2,4.6,3.8,25.4,52.8,47.2,96.8,59.4,17.4,0.1,14.6,0.1,5.1,51.5,14880,12,18.4,19.8,22.3,27.4,2.2,25722,30.9,6.2,9.3,8.5,9.8,7,3.1,10.6,21423,25708,25.8,5.8,68.4
8600000US20742,20742,8574,0,4.1,95.9,0,0,0,0,0,19.2,50.3,49.7,98.1,59.5,20.3,0.1,15,0,3.1,59.2,3,0,0,100,0,0,100,8574,67.7,3.1,0.4,0,0,0,0,0,"2,500-",0,-,-,-
8600000US20743,20743,38788,6,17.8,9.8,26.7,15.9,11.8,7.9,4.2,36.7,45.8,54.2,98.4,7.8,89.5,0.3,0.2,0,0.5,2.5,25786,16.8,37.7,31.1,9.8,4.7,0.8,31287,16.2,6.7,12.2,12.8,13.9,9.9,4.8,9.8,31140,38648,12.3,9.8,77.9
8600000US20744,20744,51460,5.5,14.2,8.5,24,14.9,17.3,10.2,5.4,43.4,47.7,52.3,97.3,13,73.7,0.4,6.3,0,3.8,9.3,36981,8.5,24.1,33.5,20,13.8,1.2,43718,12.7,5.8,9.1,9.5,13.2,9.9,5.9,23.2,44247,51020,6.3,3.8,89.9
8600000US20745,20745,30260,5.3,17.6,9.9,32,14.7,11.9,5.9,2.8,35.3,47,53,97.7,7.9,75.4,0,4.3,0,10.1,3.8,20351,16.6,39.2,27.8,10.6,5.8,1.4,24465,14.7,6.5,13.5,13.4,14.6,9.3,4.3,9.8,31063,29992,13.4,10.4,76.2
8600000US20746,20746,27659,5.6,17.8,12.4,28.3,14.8,11.8,6.2,3.1,34.9,44.2,55.8,98.5,6.9,87.4,0.1,1.5,0,2.6,5.1,17748,9.9,35.4,34.4,13.2,7.1,1.1,22325,15,6.3,11.1,10.8,14,10.8,5.5,14,35685,27546,11,7.8,81.2
8600000US20747,20747,37597,6.8,17.1,10.4,27,16.8,11.8,6.2,3.9,36.5,46.4,53.6,98.6,5.7,91.5,0.5,0.5,0,0.5,2.9,24700,10.6,39.5,32.6,11.6,5.8,1,30177,14.7,6.1,12.7,11,16.4,11.1,6.4,10.8,35062,37310,10.4,6.7,83
8600000US20748,20748,38525,6.4,16,9.7,27.5,14.7,12.4,7.8,5.5,38.1,46.3,53.7,98.1,8.5,87.1,0.2,1.6,0,0.8,5.3,26173,9.3,36,33.7,13.4,7.5,1,31711,13.3,6.6,10.7,10.1,16.6,10.9,5.6,13.7,37448,38409,8.4,6.2,85.4
8600000US20751,20751,2315,3.7,14,7.3,18.9,23.9,15.6,12.2,4.5,47.1,52.5,47.5,97.3,94.6,2.2,0,0,0.5,0,90.3,1737,16,27.1,27.9,19.1,10,4,1941,12.8,6,11.7,6.7,12.9,14.1,5.3,23.1,44417,2315,11.4,6.1,82.5
8600000US20754,20754,6809,3.1,22.4,7.7,18.4,19,16.2,9.2,4,44.1,50.1,49.9,96.1,86.7,6.8,0,2,0,0.8,84.2,4557,5.7,26.2,30.8,25,12.3,2.9,5417,10.9,3.4,10.1,10.7,8.9,11.6,5.6,27,50170,6792,4.1,1,94.8
8600000US20755,20755,9809,15.2,24.9,17.5,36.4,4.8,1,0.1,0.2,21.9,54.3,45.7,92.1,67,21.3,0.1,2.8,0,0.9,56.2,4154,2.9,13.7,55.2,19.5,8.7,2.2,6286,12.3,9.4,9.2,9,11.9,10.6,4,10.6,33750,8757,5.7,11.2,83
8600000US20758,20758,486,2.9,5.1,4.3,16.5,24.7,11.3,17.1,18.1,54.3,50.2,49.8,100,88.1,11.9,0,0,0,0,88.1,426,6.6,35.7,27.9,11,18.8,13.5,472,16.3,4.2,6.4,7,10.6,11.7,9.1,30.3,52039,486,6.6,0,93.4
8600000US20759,20759,3417,3.5,25.2,7.1,17.9,19.7,8.9,7.2,10.6,42.6,46.5,53.5,96.2,77,8.3,0,10.9,0,0,76,2196,1.5,24.9,17.9,32.4,23.4,6.2,2606,15.5,8.3,5.8,5.8,6.4,5.9,5,28.9,45833,3417,7.4,1.1,91.5
8600000US20762,20762,3356,17.2,23.8,12.3,37.2,7.5,1.5,0.4,0,22.6,49.9,50.1,94.2,63.8,17.1,5.7,3.1,0,4.5,55.5,1566,3,14.9,56.3,17.4,8.4,3.8,2028,8.1,8.5,14.4,12.8,11.8,10.4,3.6,14.6,34046,3141,7.7,12.5,79.8
8600000US20763,20763,2358,7.8,16.2,12,40.4,6.5,8.7,4,4.5,31.1,49.2,50.8,96.6,59.7,25.8,0.6,10.1,0,0.5,57.3,1509,11.2,9.4,34.9,19.5,25,12.4,1965,12.7,3.6,15.4,7.2,5.8,14,12.6,13.5,47292,2358,14.5,12.8,72.7
8600000US20764,20764,4742,6.1,21.2,6.9,23.1,17,15.8,7.1,2.8,38.5,46.8,53.2,99.4,82.2,16.8,0,0,0,0.3,81.4,3120,8.1,30.4,35.8,15.4,10.4,4.6,3617,11,5.2,10,13.7,11.9,15.6,6.6,19.3,44329,4742,5.2,10.3,84.5
8600000US20765,20765,578,0,2.2,14.2,8.3,19.2,29.1,14.5,12.5,57.2,54.8,45.2,100,87.5,12.5,0,0,0,0,87.5,483,12,40.8,26.7,6,14.5,13,565,1.8,8.7,13.8,12.2,12.9,8.5,5.3,21.8,41694,578,1.7,0,98.3
8600000US20769,20769,6793,4.5,20.3,7.1,25.7,14.1,17,7.7,3.7,39.7,50.3,49.7,96.1,25.2,65.1,0,3.5,0,2.3,15.6,4631,8,15.2,34.7,21.5,20.6,3.7,5438,15.5,5,7,6.4,11.2,10.9,3.6,26.7,47900,6793,10.1,7.7,82.3
8600000US20770,20770,25405,6.1,17.7,10.3,33.2,13.9,11.1,5.1,2.6,33.4,47.1,52.9,96.2,30.6,52.1,0.1,8.1,0,5.4,23,16756,10.7,21.9,26.1,23,18.3,1.9,20551,11.3,5.7,10.4,11.9,13.3,11.9,4.4,16,37660,25390,11.7,7.8,80.6
8600000US20772,20772,44075,5,17.7,8.8,27.8,17.6,12.8,6.8,3.3,40,48,52,97.9,15.8,79.3,0.2,1.6,0,1,13.8,30151,6.2,26.1,31.6,20,16.1,1.4,36026,11.9,4.2,8.6,8.3,11.2,10.9,5.3,28,50011,42822,3.5,3.8,92.7
8600000US20774,20774,44182,5.7,16.9,8.2,27.2,17.7,12.8,7.4,4.2,39.3,44.3,55.7,98,4.3,89.6,0.2,3.3,0,0.6,4,30581,4.9,20.2,33.3,23,18.6,1.7,36171,11.5,5.1,7.6,9,12.2,12.1,6.1,25,47697,43966,6,3.7,90.4
8600000US20776,20776,3339,3.7,18.9,9.5,17.1,18.5,11.9,8.1,12.3,46,46.2,53.8,98.5,91.6,6.9,0,0,0,0,91.1,2269,8.9,42.4,25.9,14.6,8.2,3.8,2673,11.2,6.9,18.2,7.9,8.8,12,6.4,21.5,37239,3329,4.7,1.1,94.2
8600000US20777,20777,3281,2,20.6,7.8,15.6,21.1,15.6,9.2,8.1,48.1,46.7,53.3,99.5,91.9,4.1,0,3.5,0,0,90.4,2282,1.7,16.4,16.6,30.5,34.8,6.2,2695,10.6,3,7.9,9.6,7.9,5.8,6.3,36.1,61413,3215,6.8,0.6,92.7
8600000US20778,20778,2114,4.2,21.8,8.4,13.6,22.5,15.6,12.7,1.2,45.7,50.1,49.9,99.7,93.1,6.5,0,0,0,0,85.7,1386,2.1,19.9,46.4,21,10.6,5.6,1735,13.4,7.7,5.1,4.7,8.1,13.1,4,29.3,53102,2076,9.2,2.6,88.2
8600000US20779,20779,1314,5.7,17.3,5.9,12.6,21.7,16.7,16.1,3.9,49.9,46.6,53.4,99.5,96.3,2.5,0,0.7,0,0,96.3,934,1.7,32.2,24,19.3,22.8,8.4,1099,9.6,6,11.3,4.7,7.5,15.9,4.3,29.3,53778,1314,6.3,0.8,92.9
8600000US20781,20781,11841,8.7,17.3,11.6,31.7,12.8,10.7,5,2.2,31.8,51.4,48.6,97.5,52.2,29.8,0.1,0.7,0,14.6,25.5,7397,27.6,25.5,17.3,13.7,16,2.8,9216,11.8,8.8,14.6,15.3,12.6,7.1,4,13,30623,11734,12.2,9.1,78.7
8600000US20782,20782,33480,7.3,14.5,13,34.1,11.6,9.9,5.4,4.2,31.9,47.9,52.1,97.8,22.3,46.7,0.7,3.1,0,25,14.8,21825,24.7,22.9,22.2,16.3,13.8,1.5,27132,15.3,8.2,14.5,13.1,14.5,7.6,3.5,11.4,29675,32579,13.9,12.3,73.8
8600000US20783,20783,49006,8.5,14,10.4,40.6,11,8.3,4,3.2,31.5,56.9,43.1,97.2,22,24,0.7,3.5,0,47,7.7,32860,45.2,22.3,15.3,10.6,6.6,0.7,39177,14.2,9.9,21.1,14.3,14.1,5.6,2.2,5.5,24191,48255,16.6,13.6,69.8
8600000US20784,20784,29383,7.8,18.6,10.2,30.4,13.8,10.7,5.4,3.1,33.2,49.7,50.3,96.2,25.4,60.9,0.1,2.5,0.3,7.1,6.7,18615,24.2,31.8,27.6,10.5,5.9,1.1,22623,12.8,6.4,13.3,13.5,15.7,9.7,3.8,9,31584,29251,10,11.4,78.5
8600000US20785,20785,35901,8.9,17.1,9.2,29.5,14.2,11.6,6.2,3.3,34.3,45.9,54.1,98.6,10.2,84.4,0.4,0.9,0,2.5,5.7,23255,13.8,31.3,31,13.9,10.1,1.4,28087,15,6.6,11.8,11.1,13.1,10.9,4.8,13.9,34235,35679,12.5,7.7,79.8
8600000US20794,20794,13917,3.7,9.4,9.6,37.9,21,11.4,3.3,3.8,39.6,61.8,38.2,97.9,47,39.9,0.1,5.7,0,5.2,45.4,10759,26.1,29.6,25.2,12.4,6.7,1.9,12299,17.2,2.9,7.1,5.3,5,4.2,3,11.8,26426,8087,5.7,9,85.3
8600000US20812,20812,255,8.6,20,3.9,23.1,14.1,14.1,11.8,4.3,41.3,52.5,47.5,97.3,90.2,1.6,0,5.5,0,0,90.2,172,0.6,2.9,6.4,39.5,50.6,10.1,193,10.9,0.5,8.8,4.1,6.7,8.3,4.7,51.3,80000,255,0.8,2,97.3
8600000US20814,20814,28154,5.6,12.5,7.9,30.4,14.1,12.4,8.6,8.4,39.8,46.8,53.2,96.6,79.2,5,0.1,11.3,0.3,0.7,72,20814,2.1,6.7,11.1,28.8,51.3,2.4,23762,9.5,4.7,6.7,5.6,10.5,10.5,5.3,39.4,63078,27630,5,1.5,93.5
8600000US20815,20815,30533,5.8,15.5,4.4,23.7,14.2,14.5,10.5,11.3,45.4,44.8,55.2,97,86.8,2.7,0,6.5,0,1,79.8,22676,1.6,4.9,9.9,28.4,55.2,2.4,25009,10.8,3.4,5.7,5.7,7,8.6,4,45.2,75081,30403,4.3,1.7,93.9
8600000US20816,20816,16611,5.3,21.7,4.5,19.1,16.3,14.3,10.3,8.6,44.8,48.3,51.7,97.3,89.5,1.6,0,5.9,0,0.3,83.9,11377,1.3,5.7,9.5,27.5,56,3.2,12988,9.8,2.9,7.2,4.9,8.3,6.1,3.7,45.6,78861,16580,2.4,1.1,96.5
8600000US20817,20817,36071,5.7,20.3,5.2,19.6,17.7,13.4,9.5,8.7,44.6,47.1,52.9,96.6,79.5,2.4,0.1,13.6,0,1.1,71.6,24850,2,5.6,11.4,29.2,51.8,1.8,28588,12.2,3.4,5.9,4.9,7,6.9,3.3,44,75339,35844,3.1,1.6,95.4
8600000US20818,20818,1948,3.2,20.1,7.9,15.5,21.6,20,6.4,5.3,46.4,46.2,53.8,96,90.2,0.8,0,4.9,0,0,86.9,1341,4.2,14.9,16,21.2,43.7,9.7,1558,15,2.6,9.6,7.8,5.6,2.1,5.8,44,69063,1948,1.6,5.4,93
8600000US20832,20832,25999,4.9,21,8.9,20.3,19,15.4,6.8,3.8,41.3,48.5,51.5,96.2,69.1,13.9,0.1,11.7,0.1,1.4,61.6,16955,4.9,10.5,23.7,33.8,27.1,2.4,20925,14.7,4.5,7.8,5.4,9.7,8.6,4.8,32.1,51711,25927,2.8,1,96.2
8600000US20833,20833,7832,4,19.2,6.3,21.1,19.8,16.9,8.1,4.6,44.5,45.5,54.5,96.5,71.6,11.4,0.3,12.2,0,1,67.4,5529,3,10.4,20.5,31.7,34.4,4.8,6409,13,5.4,4.5,8.3,7.6,11.1,5.1,34.6,59679,7825,1.1,2.1,96.8
8600000US20837,20837,5935,2.3,22.9,10.7,20,20,16.1,6.1,1.9,42.9,49.3,50.7,99.5,82.5,8.5,0,7.2,0,1.3,77.2,3803,3.7,15.5,30.3,28.9,21.6,4.3,4709,15.2,8.5,8.3,5,9,7.8,3.7,30.2,46850,5903,3,3.9,93.1
8600000US20838,20838,200,7.5,18.5,2,21.5,13,21.5,13.5,2.5,45.5,40.5,59.5,100,96.5,1,0,2.5,0,0,87.5,144,0.7,14.6,20.1,29.9,34.7,18.7,152,15.1,3.3,9.2,7.9,16.4,5.3,5.9,34.2,47917,200,2,2.5,95.5
8600000US20839,20839,111,0,19.8,0,29.7,6.3,10.8,17.1,16.2,54.1,43.2,56.8,100,89.2,4.5,0,6.3,0,0,89.2,89,0,25.8,41.6,24.7,7.9,12.1,111,21.6,0,16.2,4.5,18,13.5,3.6,16.2,35625,111,6.3,0,93.7
8600000US20841,20841,10546,6,23.9,7.8,27.5,17.7,9.7,6.2,1.2,37,50.4,49.6,95.8,42.1,10.7,0.7,39.7,0,2.5,35.5,6567,8.7,8.8,20.4,30.3,31.8,4.3,7879,14.3,4.9,7.1,4.2,8.5,7.2,2.8,34,53577,9907,1.8,1.6,96.6
8600000US20842,20842,1879,5.9,11.1,10.9,20.3,18.3,14.8,13.1,5.6,45.7,52.4,47.6,99.5,92.3,4.7,0,2.1,0,0.4,76.9,1355,3.5,22.4,32.3,23,18.7,5.7,1592,16,11.1,10.4,14.3,8.2,8.2,2.4,22.3,31034,1879,5.5,11.7,82.8
8600000US20850,20850,46711,6,15.3,7.2,28.5,15.3,12.4,7.8,7.5,40.3,46.2,53.8,97,60.2,10.2,0.2,23.2,0,3.3,53.7,33384,5.6,10.5,17.6,28.3,38,1.7,38202,12.7,5.2,8.9,7.2,9.5,8.4,5.1,33.3,52478,45932,6.9,3.7,89.4
8600000US20851,20851,14352,8.2,14.2,9.4,32,15.3,11.4,6,3.4,35,51.8,48.2,95.4,57.1,9.2,0,16.3,0,12.7,40.4,9784,12,23.2,20.5,22.4,21.9,3.1,11785,13.7,6,10.8,10.1,12.3,14.1,3.8,17.7,38149,14284,8.9,4.7,86.4
8600000US20852,20852,44596,5.3,13.2,7.2,34.1,12.8,11.1,7.8,8.4,38.3,47.7,52.3,96.5,68.6,7.3,0.3,17.9,0.1,2.2,59.2,33097,5,9.9,15,28.8,41.4,2.3,37588,10.5,5,8.1,7.9,11.1,11.7,4.8,30.9,52666,43809,6,3.1,90.9
8600000US20853,20853,30073,5.7,16.5,8.6,24,15.3,13.5,8.6,7.9,41.9,49.3,50.7,96.4,62.4,12.4,0.1,11.8,0.3,9.4,51.5,20824,10.4,16.6,22.5,25.8,24.6,2.2,24612,14.4,4.8,11.8,9.7,9.5,9.3,4.2,24,39449,29964,4.9,5.1,90
8600000US20854,20854,50369,4.6,20.7,5.8,15.6,18.3,16.2,11.6,7.1,47.1,49.1,50.9,97.2,72.5,5.1,0.2,19.2,0,0.3,66,34699,2.5,6.3,10.7,28.6,51.9,1.6,40569,13,4.2,5.8,4.2,5.3,6.1,3.5,43.8,76977,50027,3.2,1.4,95.4
8600000US20855,20855,14178,6,16.7,9.7,20.2,18.5,13.7,8.8,6.5,42.4,49.4,50.6,95.3,64.6,10,0.2,19.9,0,0.6,56,9574,5,13,20.2,30.8,31.1,2.5,11752,11.7,5.3,8.9,7.8,8.2,8.1,4.7,28.6,49353,14120,5.7,2.8,91.6
8600000US20860,20860,2347,2.4,20,6.6,21.1,11.4,11.9,4.3,22.2,45,45.1,54.9,96.9,60.8,21.9,0,14.3,0,0,54.2,1665,5.4,21,21.1,27,25.5,8.5,2008,13.7,5.4,14.1,8.1,12.7,3.8,9.3,21.9,40396,2212,7.4,4.5,88.1
8600000US20861,20861,1999,1.1,19.3,17.5,13.1,19.5,16.3,11.3,2,44.8,52.3,47.7,97.9,79.4,12.9,0,5.7,0,0,71.4,1243,1,13.9,13.2,38.7,33.2,9.6,1690,19.7,2.4,9.2,5.3,4,4.7,5,37.8,63190,1999,1.9,6.1,92
8600000US20862,20862,154,0,9.1,6.5,0,14.9,45.5,10.4,13.6,62.1,50,50,92.9,80.5,12.3,0,0,0,0,80.5,130,0,16.9,0,10.8,72.3,18.7,140,12.1,0,8.6,5.7,21.4,0,0,52.1,78036,154,0,0,100
8600000US20866,20866,12900,6.8,18.4,9.4,26.4,15.5,13.3,5.5,4.6,35.9,45,55,93.5,31.3,40.7,0.7,16.4,0,4.5,26.5,8433,7.4,16.1,23.1,27.9,25.5,4,10305,13.7,5.9,11.8,6.4,12.2,9.1,6.2,24.9,44277,12749,3.3,7.3,89.4
8600000US20868,20868,1199,3.9,27.3,11.4,36.4,9,7.8,4.1,0,26.9,48.2,51.8,100,45.2,7.8,0,47,0,0,37.6,688,0,29.2,28.9,23.1,18.8,15.3,923,8.6,3.7,26.7,13.7,2.4,6.9,0,24.8,32917,1199,0,1.3,98.7
8600000US20871,20871,15246,8.7,22.3,4.9,33.3,15.7,8,5,2.2,34.8,49.2,50.8,94,52.8,11.3,0.6,28,0,1.3,46.2,9766,5.3,12.1,23.2,29.6,29.8,3.7,11001,10.1,3.4,5.3,5.8,8.4,10.8,6.9,36.7,64870,15210,2.6,0.5,96.9
8600000US20872,20872,13238,6.7,20.5,7.4,23.8,17.5,14.7,6.4,3.1,38.6,48.8,51.2,96.8,80.4,7.8,0.1,7.7,0,0.8,70.5,8657,6.9,21.2,24.6,27.7,19.5,2.9,10486,14.8,4.6,7.9,6.9,10.5,10.4,7,24.8,47952,13207,6.5,4,89.5
8600000US20874,20874,57979,6.9,19.1,7.8,33.7,16.9,9.4,4.3,1.9,35,49.2,50.8,95.5,50.8,24,0.7,16.5,0,3.6,37.4,38399,7.6,16.9,27.7,27.1,20.7,1.7,45041,13,5,10.4,9.4,11,10.5,6.3,22.4,42265,57946,7.5,5.7,86.8
8600000US20876,20876,26300,6.4,20.5,9.3,30.3,16,11.6,4.1,1.8,34.7,47.8,52.2,94.2,46.6,20.8,0.5,20.7,0,5.6,32,16778,8.1,16.2,30.3,25.2,20.2,2.1,20410,12.4,5.3,10.2,5.8,12.6,9.5,4.6,24.2,43458,26238,7.8,3.6,88.6
8600000US20877,20877,36816,9.6,15.9,8.9,32.6,13.1,9.8,4.6,5.6,33.4,50.3,49.7,95.4,42.8,18.8,0.2,15.9,0,17.8,25.2,24186,20.8,20,24.2,20.8,14.2,1.6,28500,14.5,8.5,14.5,12.2,11,8.3,4.3,13.2,29164,36128,14,8.1,77.9
8600000US20878,20878,63855,6.9,19.1,5.9,28.4,16.1,13.8,6.7,3.2,38.1,47.9,52.1,95,57.9,10.2,0.5,23.6,0,2.8,50.2,43518,4.7,10.3,17.7,31.7,35.6,1.7,50017,11.5,3.8,7.7,7.1,9.6,8.7,4.6,33,55394,63757,4.5,3.2,92.2
8600000US20879,20879,25592,6.8,18.9,9.8,29.4,16,12,5.2,2,35.4,49.2,50.8,94.4,44.1,23.9,0.7,14.8,0,10.8,31.9,16513,11.1,19.1,25.4,26,18.5,2.4,20163,14.8,5.3,11,11.8,11.5,10,4.8,17.4,35540,25417,6.1,6.9,87
8600000US20880,20880,538,5,13.2,5.2,18,19.1,19.5,13.2,6.7,50.7,39.8,60.2,94.8,80.1,10,0,4.6,0,0,74,412,2.4,15,15,24.5,43,10.9,456,11.2,1.5,12.9,9,9.4,9.9,3.3,35.7,52115,538,1.9,0.6,97.6
8600000US20882,20882,14397,3.3,20.4,9.1,17.6,21.1,16.9,7.3,4.3,44.7,51,49,94.5,80.3,6.6,0.2,5,0.1,2.4,76.3,9673,5.3,15.5,25,30.4,23.8,2.4,11756,16.3,4.5,7.5,5.1,8.5,8.3,2.9,34.5,52581,14397,4,2.8,93.2
8600000US20886,20886,34337,8.3,16.5,9.2,30.6,15.3,11.3,5.7,3.1,34.5,47.9,52.1,94.5,50.9,23.2,0.1,11.4,0,8.9,34.7,22647,9.3,19.6,26.4,25.3,19.5,2,27114,14.4,5.8,11.8,11.4,11.2,9.7,4.5,18.8,35427,34205,8.4,7.9,83.7
8600000US20895,20895,19284,7.6,17.3,5.8,24.4,15.5,13.6,8.2,7.6,42,47.3,52.7,96.3,80.9,4.8,0.3,5.4,0,4.9,70.8,13353,5.2,11.5,14.6,31.5,37.2,2.2,15090,12.1,5.4,8.8,7.3,9,8.3,3.6,37.1,54398,19042,4.1,2.2,93.6
8600000US20896,20896,1005,5.6,23.3,5.1,17.7,17,12.7,10.2,8.4,44.2,45.8,54.2,98.4,91.6,4.2,0,2.6,0,0,82.3,664,0.9,4.1,12.3,34.6,48,5.9,759,12.5,4.2,5.9,5.7,8.2,4.2,5.1,43.1,71635,1000,5.3,0.6,94.1
8600000US20899,20899,131,0,0,0,31.3,18.3,38.9,4.6,6.9,58.1,64.1,35.9,100,23.7,43.5,0,32.8,0,0,23.7,131,0,42.7,45.8,0,11.5,13.8,131,6.9,22.9,31.3,32.1,6.9,0,0,0,20990,131,25.2,10.7,64.1
8600000US20901,20901,36308,8.4,15.9,8.5,29.6,14.7,12,6.4,4.6,36.4,48.6,51.4,95.8,51.8,23.4,0.6,8.8,0.1,11.1,42.1,24415,14.2,14.2,19.1,24.1,28.4,2,28725,13.6,5.7,10.6,9.3,12.1,8.1,4.2,24.1,39256,36179,8.4,5.6,86.1
8600000US20902,20902,50980,9,16,8.3,32.1,12,11.6,6.1,5,34.1,50,50,95.9,43.7,17.8,0.3,11.1,0,23,34.5,34026,17.8,18.8,19.1,22.2,22.1,1.8,40325,14.1,7.6,12.7,11.8,11.2,8.5,3.5,17.8,32372,50555,10.3,8.1,81.6
8600000US20903,20903,25521,9.3,17.5,12,33.5,12,7.8,4.7,3.2,32,50.2,49.8,97.1,18.1,26.2,0.1,9.9,0,42.7,11.3,15623,35,19,19,13.7,13.4,1.8,19616,18.2,9.4,18.2,10.7,10.2,5.3,2.1,9.4,22147,25254,18.3,13.9,67.9
8600000US20904,20904,56395,6.3,17,8.6,27.3,14.3,11.3,6.5,8.7,38.1,46.1,53.9,94.5,28.1,45.4,0.1,13.5,0,7.4,24.6,38381,9.4,18.7,25.4,25.7,20.8,1.6,45633,14.9,7,12.2,8.9,12.7,8.5,4.4,18.7,35666,55937,9.4,10,80.7
8600000US20905,20905,17867,6.1,15.6,8.2,20.8,16.4,17.2,8.2,7.5,44.5,47.6,52.4,97.3,46.6,28,0,16.8,0,5.8,41.8,12528,5.8,18.5,20.4,26.6,28.8,3.3,14820,14.8,5.5,8.9,8.5,9.2,9.5,4.4,27.1,45406,17683,3.7,2.2,94.1
8600000US20906,20906,68733,5.7,14.9,7.3,28,11.9,13.1,7.7,11.4,40.3,47.7,52.3,96.4,37,27.4,0.1,11.1,0.1,20.7,28.7,49583,17.1,23,22.6,20.8,16.5,1.2,56926,13.9,8.1,13.7,12.7,13,8.2,4.2,15.3,31622,67935,9.9,9.5,80.5
8600000US20910,20910,39689,6.3,10.1,8.1,41.3,12.2,12.6,5.2,4.3,35.5,46.8,53.2,95.9,53.9,28.8,0.4,6.9,0.1,5.8,49,29961,5.3,10.2,17.2,26.2,41.2,2.5,34161,12.2,4.7,9.7,8.2,12.5,11.9,6.3,27,48648,39507,9,4.6,86.4
8600000US20912,20912,24993,6.4,15.6,8.5,33.5,14.7,12.7,5.6,3,36.1,47.7,52.3,96.7,43.2,39.9,0.1,4,0,9.6,34.9,17368,14.1,20.7,18.5,20.6,26,1.8,20289,13.9,7.1,13.7,13.8,10.5,8,3.6,18.9,31321,24513,10.1,6.8,83
8600000US21001,21001,22445,6.5,15.8,9,25.1,16.8,13.4,7.1,6.2,39.2,49.4,50.6,96.5,61.9,29.6,0.3,2.3,0,2.3,59.3,15404,12.9,33.9,33.5,12.4,7.3,1.5,18183,16,9.8,13.7,11.4,12.8,8.4,4.2,12.4,28711,22372,14.9,6.3,78.8
8600000US21005,21005,2497,10.5,22.3,29.2,23.2,7.2,6.6,0.8,0.2,21.9,53.1,46.9,88.6,52.5,26.3,0,5.2,0.2,4.4,47.8,951,0,11.9,41.2,26.9,20,5.7,1761,11.6,10.1,8.4,17.3,5.3,6.1,4,19.2,31336,2064,7.4,5,87.6
8600000US21009,21009,29587,7.3,18.1,6.2,33.2,15.2,11.5,5.6,2.9,35.6,49.3,50.7,97.7,78.3,12.6,0.1,5.3,0,1.4,75.4,20237,4,25.7,34.1,22.1,14.1,1.5,23263,10.8,5.3,9.7,9.2,12.9,13.5,5.4,21.8,45202,29485,5.1,3.4,91.6
8600000US21010,21010,93,19.4,17.2,0,58.1,0,5.4,0,0,32.6,50.5,49.5,89.2,60.2,10.8,0,14,0,4.3,60.2,59,0,0,23.7,30.5,45.8,19.7,59,0,0,8.5,0,16.9,6.8,16.9,37.3,73250,93,0,0,100
8600000US21012,21012,21298,5.6,20.1,7.2,23.7,15.1,14.1,8.8,5.4,39.8,49.4,50.6,96.5,89.4,2.9,0,3,0.3,0.9,87,14281,3.9,17.8,28.5,27,22.8,2.4,16828,12.2,5.9,8.3,8.4,13.4,9.3,5.3,27.1,45676,21249,3.9,2.2,93.9
8600000US21013,21013,5008,4.2,15.5,12.6,18.4,16,17.2,9.8,6.5,44.6,46.1,53.9,99.6,97.8,0,0,1.7,0,0,96.6,3397,4.2,22.7,25.3,25.5,22.3,4.9,4310,10.8,10.6,8.2,11.2,12.3,9,3.8,21.7,38271,5008,4.5,0.8,94.7
8600000US21014,21014,35085,5.6,18.3,8,22.9,16.5,13.9,7.8,6.9,41,50.1,49.9,97.6,89.6,4.6,0,3,0,0.4,87.5,23866,5,22.7,30.4,25.5,16.3,1.6,28149,13.4,6.2,9.9,9.1,12.6,10.3,5.7,22.5,42225,34480,6.1,4.2,89.8
8600000US21015,21015,28053,5.2,20.6,8.6,22.5,18.2,12,8,4.8,40.5,48.4,51.6,98,88.1,5.5,0.1,3.2,0.1,1,86.6,18393,5.4,22.6,29.3,22.3,20.4,2.2,22625,14.4,5.2,9.8,7.5,10.3,8.8,5.2,25.3,43458,27915,4.4,3.3,92.3
8600000US21017,21017,7527,9.4,14.1,8.7,36.8,13.6,10.3,4.1,3.1,33.2,48.2,51.8,97.6,68.7,21.7,0.2,4.8,0,2.2,63.9,5103,4.6,26.2,35.1,24.8,9.3,2.6,5831,11.5,4.6,11.1,6.2,15.5,17.6,7,16.9,45313,7388,5,1.5,93.5
8600000US21028,21028,3649,5.2,15.6,8.6,21.1,18.2,18.1,7,6.2,44.7,49.8,50.2,95.7,90.5,2.6,0,1.9,0,0.7,89.2,2577,5,25.9,30.6,24.6,14,3.1,3015,16.1,5,11.9,9.7,10.2,8.6,6.8,21.2,37772,3649,5.3,3.2,91.4
8600000US21029,21029,12642,3.5,27.1,8.1,16.6,21.9,13.6,6,3.2,42.6,50,50,97.4,60.9,7.5,0.1,28.4,0,0.5,57.2,7760,1.7,10.9,12.7,30.4,44.3,3.8,9993,13.3,3.1,5.2,5,7.6,7.2,3.6,38.2,65584,12637,2.1,0.7,97.2
8600000US21030,21030,25321,6.4,14.6,9.8,28.8,13.9,11.4,8.6,6.4,38.3,47.2,52.8,97.5,67.3,14.7,1.1,13.2,0.1,1.1,64.1,17520,6.1,15.3,23.7,31,23.9,2.4,20937,11,6.6,10.9,9.2,12.8,10.9,5.5,20.4,41173,24843,8.3,5.7,86.1
8600000US21031,21031,25,0,0,100,0,0,0,0,0,-,0,100,100,0,0,0,100,0,0,0,0,-,-,-,-,-,**,25,0,0,0,0,0,0,0,0,-,25,100,0,0
8600000US21032,21032,8961,5.2,18.4,4.9,22.9,19.4,16.8,10.1,2.4,44.3,50.3,49.7,99.2,93.9,4.3,0.2,0.8,0,0.1,90.8,6412,6,21.1,26.3,29.2,17.5,3.2,7250,13.1,5.6,6.8,7.7,8.8,10.7,4.2,33.4,53507,8825,4.8,0.6,94.6
8600000US21034,21034,3393,2.7,15.9,10.1,18.2,18.6,12.8,14,7.9,46.4,49.1,50.9,100,98.5,1.4,0,0.1,0,0,98.5,2423,14.3,32.6,32.9,12.8,7.4,2.5,2959,19.5,9.2,13.9,9.1,12.3,9.1,3,11.3,25769,3393,7.3,10.6,82.1
8600000US21035,21035,8246,3.7,23.3,5.9,17.4,20.9,13.2,10.1,5.5,44.9,51.2,48.8,99.1,93.7,3.2,0,1.7,0,0.5,92.4,5535,3.6,18.1,21.5,34.2,22.6,3.5,6394,12,5.3,9.4,6.7,7.3,6.6,3.9,36.7,57292,8219,1.5,1.3,97.2
8600000US21036,21036,2469,1.9,20.5,9.6,11,26.9,9.1,10.7,10.2,48.8,45.7,54.3,99.5,86.1,0.8,0,12.6,0,0,85.2,1678,5.5,10.2,20.7,30.7,32.9,8.4,2043,15.6,2,10.7,7.3,5.2,11.6,6.7,27.3,51846,2451,2,0.1,98
8600000US21037,21037,20907,6.9,16.6,6.4,25.1,17.6,14.2,8.4,4.7,42.5,49.8,50.2,97.5,91.1,3.4,0.4,1.6,0,0.9,88.5,14648,6.1,26.9,29.7,21.8,15.4,2.2,16853,12.8,5.5,9.8,7.6,11.6,10.7,5.4,28,47689,20805,4.6,2.2,93.2
8600000US21040,21040,25027,7,21.4,9.6,29.4,12.5,11.4,5.6,3,33,46,54,95.8,49.4,41.2,0.1,1.5,0,3.6,46.2,15513,8.8,38.1,36.3,10.3,6.6,1.6,19238,17.3,9.8,13.3,12.5,12.8,9.9,3.9,8,27123,24982,16.8,9.8,73.4
8600000US21042,21042,40585,4.5,21.7,6.9,20.4,17.5,15.3,7.9,5.7,42.8,50.2,49.8,97.1,73,6.6,0,17,0,0.5,70.8,27135,2.7,10.8,16.1,33.8,36.6,2.1,32073,13.4,4,7.8,6.1,7.5,7.8,3.8,36.6,58201,40543,2.5,1,96.4
8600000US21043,21043,42784,5.9,19.4,8.1,27.7,17.6,11.1,6,4.2,37.9,49,51,96.8,57.1,12.9,0.3,25.8,0,0.8,53.5,28496,4.3,14.1,19.8,31.9,29.9,1.8,34193,11.8,4.2,6.9,7.5,8.9,9.1,5.2,31.6,53963,42549,5.6,3,91.4
8600000US21044,21044,42011,7,14.3,8.5,29.8,14.3,11.8,8.8,5.5,37.9,48.3,51.7,96.3,57.2,26,0.4,10.6,0.2,1.8,52.8,29505,3.9,10.2,19.9,30.7,35.3,2.3,34591,12,4.2,9.2,7.6,10.3,10.5,6.3,30.5,52163,41741,8.7,3.4,87.9
8600000US21045,21045,39832,6.8,17.2,7.7,29.5,13.9,12.9,7.5,4.5,37.3,50.4,49.6,95.4,49.2,28.1,0.2,13,0,5,43.3,27219,8,14.4,20.6,30.7,26.3,1.7,31819,13.7,4.8,9.2,8.4,12.3,9.1,5.3,25.9,43762,39727,6.3,4.9,88.8
8600000US21046,21046,16147,8,15.2,7.4,32.5,14.3,13.9,5.8,2.9,35.7,46.7,53.3,96.7,62.5,26.4,0,6.7,0,1.1,58.7,11200,2.5,10.1,24,36.6,26.8,3.4,12841,10.2,4.7,7.3,7.7,10.9,11.3,7,32.9,59228,16147,6.4,1.8,91.8
8600000US21047,21047,11662,2.3,20.2,7.1,18.3,19.1,14.5,13.6,4.9,45.8,49.1,50.9,98.8,97.9,0.6,0.1,0.2,0,0,96.2,8212,3,21.1,32.9,29.1,14,2.9,9675,11.4,5.2,8.4,7.5,13.5,10,5.3,26.6,46942,11627,1.5,1.4,97.1
8600000US21048,21048,10364,4.8,17.4,7.2,20.1,21.8,14,9.6,5.1,45.5,52.1,47.9,99.4,91.5,3.5,0,2.7,0,1.7,89.5,7326,7.7,29.7,28.3,22.2,12.1,2.3,8681,12.3,6,11.7,10.8,11.3,8.6,6.3,22.5,38794,10358,2.5,2.9,94.7
8600000US21050,21050,18897,4.8,19.8,9,21.7,17.9,12.3,7.1,7.5,42.4,48.6,51.4,98.2,91.7,4.4,0,1.8,0,0.4,90,12565,7.8,26.2,27.8,24.2,14.1,2.2,15274,14.8,6.9,9.6,9.5,11.1,10,5.3,20.6,37587,18631,4.1,2.6,93.3
8600000US21051,21051,272,8.5,17.3,0,20.6,4.4,20.2,21.7,7.4,49.6,48.2,51.8,97.8,97.8,0,0,0,0,0,97.8,202,13.9,34.7,19.8,19.8,11.9,14.1,210,3.8,4.8,10.5,17.6,12.9,8.1,9,19,42321,272,0,0,100
8600000US21052,21052,279,2.5,20.1,21.9,15.1,25.8,1.8,12.9,0,31,36.9,63.1,100,100,0,0,0,0,0,100,155,12.3,58.7,25.8,3.2,0,18.8,221,18.1,9,14.5,4.5,10.9,4.1,4.5,4.5,17303,279,6.8,31.9,61.3
8600000US21053,21053,3300,2.1,20,5.7,17.9,20.6,18.5,9.8,5.2,46.9,51,49,97.9,96.1,1.4,0,0.4,0,0,92.2,2381,6,24.1,37.5,15.6,16.7,5.5,2809,18.2,4.4,10.8,9.6,9.8,9.1,4.3,19.7,34758,3286,4.5,3.2,92.3
8600000US21054,21054,10182,5.1,19.2,5.7,21,17,14.2,8.6,9.1,44.3,48.3,51.7,95.9,80.6,8.2,0.2,5.4,0,1.5,79.5,7121,4.4,28.2,22.2,25.5,19.7,3.7,8042,14.9,5.5,6.1,7.7,11.7,9.8,6.3,30.5,50456,10172,4.8,2.6,92.6
8600000US21056,21056,249,0,0,16.5,0,10,47.4,5.6,20.5,59.5,41.8,58.2,100,100,0,0,0,0,0,100,208,0,0,15.4,44.2,40.4,31.7,249,10,0,12.9,16.5,0,0,4.8,55.8,160250,249,0,0,100
8600000US21057,21057,3947,1.7,15.8,8.6,13.1,17.2,18.8,14.1,10.9,51.6,55.2,44.8,99.5,89.8,6.6,0,2.3,0,0.7,89.5,2920,6.2,20.3,21.6,27.2,24.7,4.9,3557,12.7,3.4,10.5,8.7,9.2,9.4,6.1,26.1,47392,3783,1.5,1.7,96.8
8600000US21060,21060,30921,6.5,12.7,9,30.2,15.9,11.1,8.2,6.3,38,47.6,52.4,97.2,74.1,17.2,0.3,2.6,0.4,2.7,68.1,22207,15.8,35.9,30,12.2,6.1,1.2,25825,14.4,6.3,15.2,11.4,14.6,11,4.4,11.7,32627,30348,9.4,8.1,82.5
8600000US21061,21061,55022,6.5,15.2,10.2,31,13.8,12.4,5.8,5.1,34.9,48,52,94.6,58.6,25.9,0.4,6.1,0,3.6,54.4,37488,13.6,32.6,34.1,13.2,6.4,0.8,44949,13.2,7.8,15,11.7,14.6,12.5,3.9,11.3,32765,54652,8.1,8.8,83.1
8600000US21071,21071,541,4.8,25.9,4.1,29.8,9.2,17,5.2,4.1,40.8,54.2,45.8,100,90.6,4.6,0,4.8,0,0,90.6,353,0,17.3,33.4,19,30.3,22,395,6.1,5.6,11.6,10.9,15.7,6.3,6.8,28.1,48068,541,4.4,0,95.6
8600000US21074,21074,14602,5.5,19.1,6.4,23.8,19.4,12.8,7.1,5.9,41.9,48,52,98.8,96.4,0.9,0,1.5,0,0,94.3,10070,6.8,32.3,30.5,21.3,9.2,1.8,11778,12,6,12.3,9.6,13.7,11.7,5.9,17.6,40549,14587,4.8,2.9,92.3
8600000US21075,21075,28613,7.3,19.3,8.4,34.1,14.7,9.7,4.2,2.2,32.5,49.2,50.8,96.5,57.5,19.7,0.3,14.7,0.1,4.2,53,18595,6.9,19.3,21.5,28.4,23.8,2.2,22045,12.1,5.8,7.5,7.8,11.2,11.1,7.2,24,48328,28603,6.1,6.8,87.2
8600000US21076,21076,14148,6.4,14.9,8.3,34.8,13.9,11.9,5.5,4.3,37.7,49.4,50.6,96.3,52.4,27.4,0.1,15.3,0,1.1,49.3,9970,5.4,21.1,25.9,29.3,18.3,3.4,11512,10,4.9,10.2,6.4,10.8,11.2,6.9,30.7,54037,14135,3.8,0.9,95.3
8600000US21077,21077,166,0,0,0,12,12,20.5,31.3,24.1,67.5,22.9,77.1,100,100,0,0,0,0,0,100,166,0,45.2,42.8,12,0,17.7,166,12.7,0,11.4,11.4,9.6,33.7,0,21.1,58500,166,12.7,0,87.3
8600000US21078,21078,18653,6.4,13.4,7.6,23.6,17.1,14,10.2,7.7,44.1,48.9,51.1,97.4,77.2,15.9,0.9,2.9,0,0.4,75.9,13541,10.3,29.2,28,17.4,15.1,2.3,15531,16,8.4,12,11.6,9.9,9.7,3.3,19.5,32264,18385,10.2,6,83.8
8600000US21082,21082,352,0,23.3,3.7,17.3,15.1,20.2,16.2,4.3,52,54.3,45.7,100,90.6,9.4,0,0,0,0,88.1,257,2.3,11.3,31.5,32.7,22.2,15.7,291,12.4,0,2.4,3.8,4.8,9.6,19.9,37.5,69665,352,0,0,100
8600000US21084,21084,7358,3.4,15.7,9.9,16.4,15.2,20.4,11.5,7.6,48.3,49.6,50.4,99.6,97.9,0.8,0.2,0.6,0,0,96.9,5229,2.8,36.4,25.4,20.7,14.7,3.4,6305,15.3,8.1,13.4,5.3,10.7,11.1,5.2,21.2,38163,7358,5.9,1.2,93
8600000US21085,21085,16377,5.5,16.3,7.4,26.4,15.1,12.3,9.8,7.1,41.1,49.7,50.3,98.2,81.4,13.3,0,2,0,1.5,77,11583,9.5,34.2,28.5,17.9,10,2,13300,14.7,6.2,11.5,9.9,15.6,12.9,5.7,14.2,37263,16344,8.8,3,88.2
8600000US21087,21087,5584,1.8,16.3,10.2,14.7,18.1,17.5,11.7,9.7,49.1,48.4,51.6,99.5,97.8,1.1,0.3,0.4,0,0,96.8,4004,6.2,30.9,28.4,20.5,14,3.2,4783,11,11.3,12.9,9.3,11,9.7,5.9,18.2,35250,5564,1.8,5.9,92.3
8600000US21090,21090,9928,4.3,16.2,8.7,21.2,18.5,12.3,8.6,10.1,44.7,47.7,52.3,99.3,93.6,1.1,0.3,4,0,0.2,93.2,7021,12.5,32.7,29,16.8,9,2.1,8343,13.8,7.2,11.8,9.9,13.3,10.9,4.8,17.3,37150,9865,7.6,4.8,87.6
8600000US21093,21093,37384,4.7,14.6,7.4,20.5,14.7,14.7,10.4,12.9,47.3,48.4,51.6,98.2,83.5,3.2,0.2,10.3,0,0.9,80.7,27377,4.2,17.8,21.6,28.8,27.5,1.7,31453,14,5.8,8.8,9.1,10.9,11.4,4.7,25.6,45412,36768,4.1,3,92.8
8600000US21102,21102,10878,4.5,18.3,9.2,21.6,18,15.4,8.7,4.4,42.5,50.7,49.3,96,93.3,1.8,0.1,0.4,0,0.3,92.8,7406,8.4,34,29,17.8,10.8,2.4,8931,14.7,7.3,11.2,10.4,14.3,9,5.8,17.5,36109,10780,2.9,5.9,91.2
8600000US21104,21104,4944,2.6,25.4,5.3,17.9,19.6,13.6,10,5.6,44.3,47.8,52.2,97.4,88.7,4.2,0.2,4.3,0,0,86.3,3299,5.1,22.7,19.4,35.6,17.2,4.1,3921,13.5,4.7,8.2,8.3,6.8,7.3,3.5,34,54922,4915,0.3,2,97.7
8600000US21105,21105,16,0,0,0,0,0,0,50,50,-,50,50,100,100,0,0,0,0,0,100,16,50,50,0,0,0,74.1,16,0,50,0,50,0,0,0,0,-,16,0,0,100
8600000US21108,21108,17659,6.2,18.4,8.9,22.7,17.9,13.4,8.1,4.4,40,47.9,52.1,94.3,76.6,11.5,0.1,4.2,0,1.9,72.4,11742,7,22.7,25.1,25.7,19.6,2.6,14245,15.5,5.4,9.3,9,10.9,9.1,2.9,27.8,42900,17585,4.6,2.5,92.9
8600000US21111,21111,4238,1.3,19.7,5.5,10.3,19.7,24.1,14,5.2,51.6,48.1,51.9,99.8,91.6,3.5,0.3,4.4,0,0,91.4,3112,3.8,19.2,16.2,28.5,32.3,5.1,3550,15.1,5.3,10.4,8.2,9.9,8,3.9,30.7,44781,4238,2.3,3.6,94.1
8600000US21113,21113,32004,8,17.1,8.7,34.4,13.6,9.8,5.4,3,33.8,47.1,52.9,95,60.5,26.5,0.6,5,0,2.3,56.5,21216,4.9,18.4,29.2,29.2,18.3,2.5,25434,12.5,5.8,5.5,8.7,11.4,11.6,5.8,29.2,52297,31935,3.5,1.9,94.6
8600000US21114,21114,26158,6.9,19.6,7.1,30.4,16.7,10.6,6,2.6,34.8,49,51,96.1,79.1,11.7,0.3,3.5,0,1.5,75.9,17352,3.9,14.4,25.1,35.2,21.4,2.4,20209,11.4,3.8,5.5,8.3,13.1,11.6,8,29.3,53577,25919,3.3,0.6,96
8600000US21117,21117,57724,7,17,9.8,31.5,13.7,11,6.3,3.8,34.5,46.9,53.1,97.8,46.4,41.4,0.3,8.5,0.1,1.1,43.1,38254,5.7,15.1,26.3,30.5,22.5,1.9,45872,12.1,5.2,8.1,10.8,14.2,11.6,5.6,21,42976,56364,7.3,3.9,88.7
8600000US21120,21120,7155,4.9,18.9,7.4,18.8,19.3,17.1,9.3,4.4,45,50.3,49.7,99.1,96.3,0,0.8,2,0,0,93.2,4922,4,19.4,26.9,31.3,18.4,3.5,5771,12.7,5,8.9,8.6,13.6,8,4.9,26.5,44765,7144,2.3,3.3,94.5
8600000US21122,21122,60439,5.9,16.5,8.7,25.9,17.5,13.1,8.5,3.9,39.5,50.8,49.2,97.6,89.1,5.6,0.1,1.7,0.1,0.9,87.6,41619,9.4,33.4,31.3,17.4,8.5,1,49363,13.2,6.6,11,10,12.1,11.4,6.4,19.8,40745,60161,4.7,4.6,90.7
8600000US21128,21128,14543,8,18.1,6.8,26.2,16,11.2,7,6.7,39,47.9,52.1,98.7,72.8,10.3,0.1,14.7,0.5,0.2,72.4,9757,6.3,25.7,25.7,22.4,19.9,3.3,11590,12.2,4.2,10.3,8.4,12.5,10.2,4.9,22.6,44956,14543,3.6,4.1,92.3
8600000US21130,21130,364,11.5,18.1,3.6,40.9,3.8,12.6,4.9,4.4,26.8,55.2,44.8,100,89,11,0,0,0,0,89,243,9.9,52.3,31.7,6.2,0,12.5,273,16.1,7.3,16.8,18.3,11.7,20.5,0,2.2,26250,364,10.2,1.9,87.9
8600000US21131,21131,7288,4.6,22,7.7,16.2,17.5,16,9.5,6.4,44.7,51.2,48.8,98.1,92.6,3,0,2.5,0,0,90.4,4785,2.8,14.6,17.4,35.2,30,4.2,5607,12.8,4.9,6,7,11.2,5.3,4.3,34.6,53140,7288,5.1,1.9,92.9
8600000US21132,21132,2548,6,14.7,11.1,21.5,17.1,15.9,10.9,2.9,41.8,48.3,51.7,98.8,98.8,0,0,0,0,0,98.8,1739,7,35.8,33.9,11.7,11.6,4.9,2063,11.1,11.5,13.5,9.7,9.5,13.3,6.4,20.7,36908,2548,1.5,1.5,97.1
8600000US21133,21133,31099,6.4,17.8,8.7,24,16.1,13.8,7.1,6.1,40,45.9,54.1,97.8,14.2,81.8,0,1.3,0.1,0.5,13.4,20867,7.8,26.4,32.4,20.3,13.1,1.7,24967,15.5,6,12.2,11.3,12.3,11.4,5,16.5,35132,30576,10.1,5.3,84.6
8600000US21136,21136,33512,4.9,18.2,10.1,23.6,16.9,14,7.3,4.9,39.8,47.1,52.9,97.8,67.7,21.5,0.2,6.3,0,2.1,63,22394,8.3,22.8,25.1,25.5,18.2,2.1,27300,15.8,6.8,10.9,9.2,12.4,10.3,4.5,17.8,36279,33212,10.2,7.1,82.7
8600000US21140,21140,3386,4.5,16.5,5,22.7,15.8,17.7,10.5,7.3,46.2,49.9,50.1,99.6,98.3,0,0,1.3,0,0,93.3,2505,4.1,22.2,29.3,27.5,17,4.5,2804,10,8.2,7.3,7.6,9.3,9.3,4.2,36,55565,3386,3.9,4.7,91.3
8600000US21144,21144,32488,7.2,19.8,8.2,27.9,16,11.8,5.4,3.7,36.2,48.2,51.8,94.7,54.9,32,0.2,6,0.4,1.3,50.7,21053,9.6,25.5,30.8,20.8,13.3,1.6,25203,13.8,5.7,8.7,8.9,11.6,10.7,5.1,22.9,43801,32408,9.6,3.7,86.6
8600000US21146,21146,27434,6.4,20.1,6.3,21.1,15.6,15.6,8,6.9,43.2,47.7,52.3,97.9,90.2,4.6,0.1,3.1,0,0.1,88.6,18459,3.7,13.6,23,35.3,24.4,2.8,21518,12.6,4.4,9.5,7.8,9.5,9.1,3.8,32.7,50957,27170,2,1.2,96.8
8600000US21152,21152,5908,4.5,19.6,8.2,21.8,18.1,16.3,7.6,4.1,41.8,48.6,51.4,98.6,87.6,8.5,0.1,2.4,0,0,84.4,4003,3.1,17,20.2,37.5,22.1,4.1,4794,13.9,3.2,8.3,9.9,11.9,7.5,4.7,29.8,45962,5893,2.5,4.6,92.9
8600000US21153,21153,313,5.1,21.7,5.8,18.2,17.3,10.9,19.5,1.6,44.9,47,53,96.8,90.1,0,0,6.7,0,0,90.1,211,0,0,5.7,37.9,56.4,24.1,252,15.9,3.2,6.7,4.8,5.2,2,2.4,48.4,92188,313,0,0,100
8600000US21154,21154,6678,5.1,12.8,8.9,20.5,16.5,16.7,9.1,10.5,47.3,51,49,98.7,93.9,1.9,1,0.2,0.4,1.4,92.9,4889,11.9,38,26,12.8,11.3,3.3,5702,15,10.1,12.5,9.4,13.4,9.2,3.7,15.3,32377,6648,8.6,3.3,88.1
8600000US21155,21155,2576,2.7,14.6,12.9,21.9,15,18.5,9.1,5.4,43.7,48.9,51.1,99.3,96.8,1.8,0,0.7,0,0,91.4,1798,6.3,37.4,28.5,18.5,9.2,3.8,2229,14.2,10.3,14.2,13.4,11.3,10.6,6.1,10.8,29597,2576,9.2,7.1,83.7
8600000US21156,21156,373,0,19,0,20.4,5.9,19.3,21.4,13.9,55.5,36.5,63.5,100,97.1,0,0,2.9,0,0,94.4,302,2.3,27.2,22.5,25.8,22.2,11.4,313,3.5,21.1,14.1,12.5,9.9,14.4,6.1,15.7,33667,373,2.9,17.4,79.6
8600000US21157,21157,37094,5.3,15.1,12.3,22.7,15.2,14.9,7.7,6.9,40.8,49.4,50.6,98.7,92.3,4.2,0.2,1.5,0,0.5,88.9,24984,9.4,32.4,28.3,17.3,12.5,1.3,30816,16,6.4,11.7,10.3,12.9,9.9,4.8,15.8,34457,35111,8.8,4.1,87
8600000US21158,21158,20113,6,18.3,8.3,23.5,16.5,12.7,8.2,6.6,41.1,48.5,51.5,98.2,93,4.2,0,1,0,0,91.4,13576,6.7,30.9,30.9,19.5,12,1.9,16187,14.5,6.4,12.1,11,12.4,12.3,5.9,16.4,36725,19855,5.6,2.8,91.7
8600000US21160,21160,2349,2.1,18.8,5.5,29.6,15.8,13.9,9,5.2,42,53.4,46.6,98.2,93.6,3.7,0,0.9,0,0,93.6,1729,7.7,34.8,21.7,17.9,18,5.7,1995,13.4,7.1,17.1,9.3,11.7,10,5.3,19.7,34712,2349,6.7,1.1,92.2
8600000US21161,21161,5661,4.5,15.7,9.8,20.6,18.8,17.5,6.2,7,44.7,47.9,52.1,98.8,95.1,3.3,0,0.4,0,0,93.5,3965,5.7,25.5,32.6,20.6,15.7,4.5,4738,17.6,7,11.5,6.7,15.3,10.7,5.3,18,37784,5642,3,4.9,92
8600000US21162,21162,3878,8,14.2,9.2,24.4,18.3,12.6,7,6.3,40.5,51.6,48.4,97.3,77.5,5.9,0,13.6,0,0.2,76.6,2659,11.7,34.1,28.9,14.7,10.5,4,3123,14.1,9.6,9,10.9,10.3,14.8,6.8,13.9,36516,3866,9.4,3.6,87
8600000US21163,21163,7190,3.7,17.8,10.9,19.5,19.4,12.6,10.8,5.3,42.6,49.5,50.5,98.7,54.8,22.7,0.2,19.8,0,1.2,54.2,4862,2.9,13.9,22.9,31.1,29.2,4.2,5936,13,4.2,7,4.7,9.3,7.7,4.3,34.4,58717,7083,7,2.7,90.3
8600000US21201,21201,16188,3.6,9.4,15,43.9,9.9,9.1,5,3.9,29.7,43.8,56.2,96.8,38.6,50.2,0.3,6.8,0.1,0.8,37.3,11641,17.8,16.1,17.6,22.8,25.7,3.2,14420,25.1,9.6,8.9,9.2,9.4,10,3.2,10.3,23796,15590,36.7,11.7,51.5
8600000US21202,21202,21656,3.1,8.3,19.1,39.7,12.3,9.5,5,3.1,31.8,58.1,41.9,98.6,29.5,63.6,0.2,3.8,0,1.3,28.3,15066,22.9,28,16.8,15.7,16.6,2.7,19579,26.7,7.5,9.4,10.4,7.4,5.2,1.8,7.6,18675,15848,32.6,11.7,55.7
8600000US21204,21204,20269,3.3,11.4,22.2,22.4,12.3,11.2,7,10,36.7,46.1,53.9,99,80.7,11.3,0.1,6.4,0,0.5,77.4,12773,7.1,17.3,16.1,28.8,30.6,2.7,17910,20.7,6.1,8.6,7.9,8,7.1,3.8,18.4,30701,16441,12.9,5.3,81.7
8600000US21205,21205,15869,8.4,18.9,14.1,24.9,12.4,11.3,6.4,3.6,30.5,45.8,54.2,97.2,21.5,68.5,0.6,1.3,0,5.4,17.3,9311,38.3,36.5,18.1,4.4,2.8,1.2,12307,32.1,11,14.3,9.1,8.9,2.3,1.1,2.1,13612,15603,35.6,15.9,48.5
8600000US21206,21206,50231,6.4,16.8,8.9,28.9,15.1,14.3,5.6,4,37.3,46.1,53.9,97.4,25,68.1,0.1,2.8,0.2,1.3,24.6,34147,14.7,36.9,30.5,11.1,6.7,0.9,40402,15.7,8.3,12.4,14.9,13.6,10.1,3.5,7.1,29425,49443,14.4,9.8,75.8
8600000US21207,21207,48889,5.9,15.6,8.7,25.9,13.8,14,9.4,6.6,40.3,44.7,55.3,98.2,11.3,84.9,0.3,0.9,0,0.8,9.7,34106,13.9,30.1,33.9,13.9,8.2,1,39933,17.7,8,14.9,11.4,14,10,4,8,27456,48293,12.8,8.9,78.3
8600000US21208,21208,33510,4.4,14.6,7.4,19.7,12.6,15.9,11.8,13.5,48.4,44.9,55.1,99,55.6,39.7,0.1,2.8,0,0.8,53.3,24660,5.6,24,24.8,24,21.6,2.1,28526,14.6,7.6,12.8,8.5,12.4,9.7,4.2,19.4,36431,32660,9.4,6.7,83.9
8600000US21209,21209,27808,9.6,15.1,6.2,27.7,12.9,11.9,8.5,8,37.1,45.9,54.1,97.7,75.4,13,0.1,8.7,0,0.5,74.3,19202,4.1,11.6,18,30.4,35.9,2.5,21748,11.3,5.3,10.5,10,10.2,12.6,5.6,24.8,46178,27787,8.5,5.9,85.5
8600000US21210,21210,14873,4.2,9.7,30.7,20.5,10.4,10.8,7.9,5.7,30.3,47,53,97.2,75.8,8.9,0.3,11.2,0,1,71.7,8224,0.9,5.5,13.1,26.5,54,3.8,13125,18.5,4.7,6.2,4.7,7.6,7.7,4.1,22.8,43213,11061,11.2,3.9,84.9
8600000US21211,21211,17080,5.3,8.5,7.6,41.2,13.3,9.7,6.7,7.7,36.2,49.8,50.2,97.4,76.9,13.4,0,6.3,0,0.8,74,13424,14.6,19.5,16.5,24.3,25.1,2.4,15141,10.8,9.8,12.7,13.5,14.4,12.2,4.2,11.8,33146,16726,13.4,9.4,77.2
8600000US21212,21212,33000,7.6,18,8.6,25.6,14.6,12.3,7.5,5.8,38.9,46.9,53.1,97.1,52.6,40.8,0.1,2.9,0,0.8,50.7,21719,8.7,17.5,19.7,25.2,28.9,1.7,25806,16.5,6.3,10,8.4,11,10.4,5,20,38090,32512,13.1,6.2,80.7
8600000US21213,21213,29773,5.3,18.3,9.3,27.2,15.3,12.7,6.4,5.5,37,44.4,55.6,99.1,6.3,92.1,0.1,0.2,0,0.3,6.1,19995,20.2,41.7,26.8,7,4.4,1.1,23798,25.3,11.4,13.4,11.6,10.9,6.1,1.7,4.1,18076,29722,25.5,14.9,59.5
8600000US21214,21214,20817,7.1,14.1,8.2,29,16.6,13.6,6,5.5,38.8,47.5,52.5,97.1,40.1,52.4,0.8,2.1,0,1.6,39.3,14703,11,26.6,30.1,17.7,14.6,1.6,17085,17.4,8.1,10.2,14.1,13.3,11.7,5.3,9.5,31925,20542,12.7,8.4,78.9
8600000US21215,21215,63763,7.7,15.3,9.2,23.3,14.2,13.5,8.3,8.4,41,45.2,54.8,97.9,15.9,79.7,0.4,0.7,0.1,1,15,43231,21.2,37.1,24.9,9,7.8,0.9,51268,23.8,9.4,15,12.1,10.8,5.7,2.1,5.2,20267,62702,26.3,12.5,61.2
8600000US21216,21216,25599,5.3,13.5,12.6,22.7,15.9,14.9,7.5,7.5,41.1,46.2,53.8,98.4,1.6,96.5,0.1,0.2,0,0.1,1.3,17555,20.4,38.1,28.2,8.9,4.4,0.9,21623,21.9,10.2,14.4,12.7,11.6,6.6,2,3.7,21237,24812,25.2,15,59.8
8600000US21217,21217,40614,7.4,18.3,12.1,25.5,14.2,11,6.6,4.9,32.6,45.8,54.2,98.5,9.2,86.7,0.2,1.5,0,0.9,8.7,25246,24.5,31.6,23.5,10.3,10.1,1.4,31777,25.6,11,13.3,9.3,10.1,5.5,2.2,4.4,17819,39714,35.4,14.8,49.8
8600000US21218,21218,49259,4.6,12.1,18.8,27.9,13,11.7,6.7,5.3,33.5,47.1,52.9,97.3,28.8,62,0.7,5.2,0,0.6,27.2,31769,15.2,28.4,23.2,15.5,17.6,1.5,42490,25.3,8.9,11.9,9.7,10.2,5.9,2.2,8.1,20811,44828,27.5,9.2,63.3
8600000US21219,21219,8927,5.2,12.8,8.8,20.4,17.4,15.5,10.3,9.7,47,48.7,51.3,98.4,91.3,5.8,0.1,1,0,0.1,89.8,6538,16.9,37.8,32.5,9,3.8,1.3,7673,17.5,8.6,13.7,12.4,11,11.3,2.6,11.6,28961,8898,11.5,9.1,79.4
8600000US21220,21220,40399,6.2,16.9,9.8,26.9,13.4,13.6,7.6,5.5,37.1,49.1,50.9,97.8,76.1,18.9,0.3,2,0,0.5,71.5,27099,14.9,41.3,29,8.8,5.9,1,32587,14.6,8.7,14.5,12.2,13.9,10.2,4.6,9.8,29799,40127,11.8,7.1,81
8600000US21221,21221,40187,6.9,15.1,9.3,26.7,14.2,13.2,7.3,7.3,38.5,46.6,53.4,97.5,69.3,24.3,0.1,1.9,0,1.8,66.9,27621,16.4,43,28.1,8.7,3.7,0.7,32801,15.9,9,15.7,13,15.5,7.7,4.5,8.3,27878,39749,11.9,8.1,80
8600000US21222,21222,55043,5.9,16.2,8.3,24.9,15.4,12.7,8.3,8.4,41.1,48,52,95.9,79.9,10.7,0.7,3.2,0.1,1.4,78.1,38346,20.8,43.3,26.5,6.3,3.1,0.5,45031,17.1,8.8,16.1,12.4,14.7,9.1,3.1,5.9,26101,54776,13.3,10.8,75.8
8600000US21223,21223,24879,8.4,19.2,10,27,14.1,10.7,6.2,4.4,32.7,47.6,52.4,96,19.8,73.3,0.9,1.3,0,0.7,17.4,15520,32.2,31.6,25.9,7,3.4,0.9,19179,32.4,13.1,11.4,8.8,8.1,5.8,1.5,3.1,13340,24607,42.3,12.6,45.1
8600000US21224,21224,49345,7.3,12.6,9.1,40.5,11.2,9.5,5,4.8,32.5,50.5,49.5,97.7,70.4,19.3,0.7,1.4,0,5.9,60,35056,23.2,27.3,18,18.3,13.1,1,40922,16.1,8.2,14.9,10.6,13,9.1,4.3,11.6,29436,48837,19.3,11.9,68.8
8600000US21225,21225,33091,8.3,18.5,9.9,27.2,15.2,10,6.4,4.5,34.3,47,53,95.6,46.3,42.4,0.3,2.6,0,3.9,43.6,20964,25.1,39,26.1,7.1,2.7,0.7,25378,22,10.5,14.6,13.3,10.7,6.2,2.7,5.6,21593,32860,26.7,14.2,59.1
8600000US21226,21226,7766,11.2,17.7,8,31.1,15.5,8.7,5.1,2.7,33,46.9,53.1,96,76.1,17.7,0.2,1.6,0,0.5,76.1,4901,22.1,39,22.6,13.7,2.6,1.3,5649,14.5,9.8,12.6,12.9,14.4,9.9,5,8.7,31370,7723,17.8,6.8,75.3
8600000US21227,21227,34584,8,15.1,7.7,31.2,13.2,12.2,6.2,6.3,35.1,50.1,49.9,96.4,70.7,19.2,0.1,4.2,0.1,2.1,64.8,23917,19.1,34.1,27.9,13.1,5.8,1.3,27623,13.5,7.6,15.5,13,15.4,9.3,3.5,9.6,30036,33861,15,8.1,76.9
8600000US21228,21228,49527,6.5,15,7.5,25.2,15.3,12.3,7.6,10.5,41.4,47.4,52.6,98.2,68.4,21.7,0.5,5.5,0,2.1,64.6,35159,7.5,22.4,24.1,26.2,19.9,1.6,40980,12.4,6.4,11.8,10.2,12.3,11.4,5.7,17.6,38978,48075,6.4,5.7,87.9
8600000US21229,21229,46669,7.3,17,9.8,26.3,14.1,13,6.3,6.1,35.8,47.3,52.7,96.7,17.4,76.1,0.1,2.6,0,0.5,16.5,30706,18.2,32.8,32.4,9.9,6.8,1,37066,18.6,9.4,13.9,13.3,14.3,8.5,2.5,6.3,25898,46108,19.9,10.6,69.5
8600000US21230,21230,34441,6.2,11.4,9,43,10.7,10.3,5,4.4,31.9,49.9,50.1,97.3,66.1,27.1,0.1,3,0,1.1,61.7,25263,16.9,20.6,17.8,25.3,19.5,1.6,29141,15,7,11.1,10.6,12.7,10.6,4.8,18.5,37127,34255,17.7,8.5,73.8
8600000US21231,21231,17148,5.8,9.8,8.4,46.2,11.5,11.1,4.1,3.2,31.8,48.7,51.3,98.7,58.3,31.7,0.1,4.1,0,4.6,51.1,13040,16.4,18.6,12.6,29.2,23.1,2.5,14779,19.6,6.4,11.5,8.3,12.6,10.6,5.5,15.6,33994,16862,26.8,7.9,65.3
8600000US21234,21234,69316,6.6,14.6,8.2,27.9,13.8,12.9,6.8,9.2,38.9,46.4,53.6,98.2,65.6,26.6,0.1,4.4,0,1.4,63.1,48929,10,32.2,29.3,17.8,10.6,0.9,56837,12.5,7.8,13.6,12.7,16.1,11.4,4.6,11.2,33586,68648,9.6,6.7,83.7
8600000US21236,21236,37640,6.7,15.6,7.9,28.1,15.2,13.4,7,6.1,38.5,46.4,53.6,97.3,74.9,12.7,0.3,8,0,1.4,73.4,26275,6.7,27.5,28.6,24,13.1,1.6,30940,11.7,8.1,10.1,11.6,14.8,13.7,5,15.5,38792,37470,6.1,5,88.9
8600000US21237,21237,30342,7.3,13.3,9.4,29.4,13.7,12.2,7.5,7.3,37.1,45.4,54.6,96.3,56.5,30.7,0.3,6.2,0.2,2.4,53.9,21271,12.3,32.4,31.6,15.9,7.8,1.5,25169,13.4,7.3,14,12.5,14.2,10.3,4.6,11.5,32003,30099,9.1,9.1,81.8
8600000US21239,21239,31455,5.4,15.6,17,23.5,13.5,11.6,8.2,5.2,35.1,45.7,54.3,98.5,13.9,81.3,0.3,2.6,0,0.4,13.5,19501,12,30.5,30.2,14.5,12.8,1.9,26200,20.6,8.8,10.4,12.2,13,8.7,3.5,7.3,27159,29933,16.4,9.6,74
8600000US21240,21240,0,-,-,-,-,-,-,-,-,-,-,-,-,-,-,-,-,-,-,-,0,-,-,-,-,-,**,0,-,-,-,-,-,-,-,-,-,0,-,-,-
8600000US21244,21244,36697,8,17.3,10,31,14.4,10.4,5.3,3.5,35.5,47.9,52.1,97.3,14,74,0.2,7.3,0,1.7,9.9,23744,8.8,26.5,31.7,20.2,12.8,1.9,28729,13.6,5.8,11.2,11.2,17,12.4,5,10.8,36294,36472,9.1,8.8,82.1
8600000US21250,21250,3026,0,2.3,97,0.7,0,0,0,0,19.6,56.7,43.3,97.5,63.1,22.2,0.3,10.9,0,1,60.1,20,0,0,65,35,0,66.3,3026,36.8,0,1.3,0.1,0.2,0,0,0,2877,0,-,-,-
8600000US21251,21251,820,0,2.9,96,1.1,0,0,0,0,19.8,57.4,42.6,92.4,27.8,57.3,0.5,5.5,0,1.3,26.8,9,0,0,100,0,0,98.9,820,34.6,0,0,0,0,0,0,0,3235,0,-,-,-
8600000US21252,21252,2683,0,2.4,97.5,0.1,0,0,0,0,19.5,44.2,55.8,98.9,67.8,24.8,0,5.3,0,1,66.3,4,0,0,0,100,0,100,2683,37,0.9,0.7,0,0,0,0,0,3445,55,100,0,0
8600000US21286,21286,20051,4.9,11.9,18,21.8,13.4,10.5,8.2,11.3,38.7,45.6,54.4,98.3,82.6,9.8,0.1,5.5,0,0.2,80,13070,5.1,16.2,21.8,27.6,29.3,2.4,17323,15.8,7.6,8.6,9.5,10.3,10,4.2,19.3,36442,18257,10.5,5,84.5
8600000US21401,21401,37482,6.3,11.6,8.7,27.4,13,13.2,10.5,9.3,42,49.1,50.9,98.2,74.1,17.6,0,2.1,0,4.3,69.5,27496,7.4,18.4,23.5,26.9,23.8,2,31844,11.9,5.9,9.6,8.9,13.5,11,4.3,25.8,44766,36253,7.9,5.9,86.2
8600000US21402,21402,5878,2.9,3.5,83.2,8.9,0.9,0.6,0,0.1,21,77.9,22.1,93.2,75.6,6.7,0.7,4.2,0.4,5.6,70.1,609,3.8,6.1,45.3,25,19.9,12.9,5615,23.7,43.1,14.6,6.6,2.9,1,0.6,2.7,11921,807,2.4,2.9,94.8
8600000US21403,21403,30453,6.2,14.7,6.4,28.6,12.6,14.8,10.2,6.6,41.3,47.5,52.5,97.6,71,15.5,0,2.4,0,8.7,65.1,22140,9.7,15.8,23.4,26.7,24.4,2.2,25060,12.6,6.3,12,7.7,11.6,12.1,5.4,23.6,43490,30168,6.4,7,86.6
8600000US21405,21405,576,8,25,1.6,18.2,11.1,13.2,17.2,5.7,41.9,46.7,53.3,100,100,0,0,0,0,0,100,377,0,13.8,12.2,47.7,26.3,15.7,444,10.6,4.3,4.1,2,1.8,1.8,11.9,35.4,72340,576,0,0,100
8600000US21409,21409,20153,5.5,19.1,7.5,23.2,15.7,14.9,8.9,5.1,41.6,49.6,50.4,98.4,89.4,5.6,0.2,2.5,0,0.7,83.6,13672,2.9,18.8,27.5,29.8,21,2.3,16238,14.7,5.2,8.5,8.7,10.6,8.5,5,29.3,46028,20099,3.3,2.7,94.1
8600000US21502,21502,43546,5.1,12.6,9.1,26.7,14.6,13.4,9.9,8.6,42.3,53.8,46.2,97.9,85.6,10.9,0.2,0.8,0,0.3,84.4,31851,13.7,40.5,28.8,9.6,7.4,0.9,37048,20.5,9.6,15.2,11.5,9,6.1,2.5,6.2,21031,38325,18.5,11.9,69.6
8600000US21520,21520,2081,1.3,21.6,4.9,25,14.4,15.4,9,8.4,43.4,47.5,52.5,100,98.7,0,0,1.2,0,0.1,97.4,1503,9.1,43,27.3,11.9,8.7,3.4,1699,18.9,8.1,14.8,17.8,14.6,6.7,6.8,5.9,26142,2071,10.8,10.7,78.5
8600000US21521,21521,1256,6.1,9,14.3,20.2,13.9,15.9,12.2,8.4,46.2,52.9,47.1,99.4,98.8,0,0.2,0.4,0,0,98.3,887,9,51.2,29.1,6.3,4.4,2.8,1083,18.6,11.6,14.5,15.2,13.6,5.4,5.9,3.9,24697,1256,8.8,8.4,82.8
8600000US21522,21522,131,0,0,9.9,26.7,22.9,32.1,0,8.4,46.8,59.5,40.5,100,100,0,0,0,0,0,100,118,0,72,15.3,12.7,0,23.7,131,9.9,18.3,9.2,16,24.4,16.8,5.3,0,30250,131,0,0,100
8600000US21523,21523,236,0,7.2,12.7,14.8,24.6,6.8,8.1,25.8,50.7,49.2,50.8,100,97,0,0,0,0,3,97,189,20.6,65.6,9.5,4.2,0,15.7,229,27.9,10,16.2,3.5,14.4,12.2,0,4.4,19313,236,3,7.6,89.4
8600000US21524,21524,495,8.5,10.3,19.4,17.2,11.9,12.9,12.9,6.9,37.2,49.9,50.1,100,100,0,0,0,0,0,100,306,14.1,56.2,23.5,2.9,3.3,3.6,422,25.1,8.8,16.8,5,13.3,9.2,4.5,4.7,21719,495,13.3,25.5,61.2
8600000US21529,21529,546,4.4,11,5.5,12.8,29.7,10.8,10.1,15.8,50,47.1,52.9,96.9,96.9,0,0,0,0,0,87.5,432,10.6,59.3,19.7,7.6,2.8,3.6,493,13.4,8.3,11.6,24.7,9.3,10.1,0,4.5,26792,546,2,18.9,79.1
8600000US21530,21530,1685,2.1,11,8.4,14.5,16.1,17.3,15.4,15.3,54.3,50.1,49.9,99.1,93.9,1.6,0,3.5,0,0.1,92.7,1323,10.7,49.2,26.5,7.3,6.3,3.7,1551,13.1,12.8,19.8,16.2,12.6,3.8,0.5,3.9,21921,1646,8,14.5,77.5
8600000US21531,21531,2280,5.8,11.1,12.6,21,17.5,12.7,10.9,8.5,44.9,51.2,48.8,99.9,99.6,0,0.3,0,0,0,98.5,1609,11.8,47.9,28.5,6.7,5,2.2,1979,24.6,8.4,22.3,9.8,13.4,7.1,2.2,2.1,20994,2280,15.2,8.1,76.7
8600000US21532,21532,15586,3.7,11.8,26.7,20,11.8,9.7,8.3,8.1,31.5,48.8,51.2,97.8,89.3,6.6,0.2,1.3,0.1,0.2,89,9001,9.3,41.2,26,9.8,13.7,2.3,13635,31.4,9.5,14.1,9.8,9.6,6.1,3.4,5,17224,13507,22.1,8.2,69.7
8600000US21536,21536,4443,7.1,19.5,7.1,22.7,16.5,10.1,9.9,7,41.4,48.5,51.5,98.7,97.7,0.9,0.1,0,0,0,97.3,2945,13.6,47.8,23.6,10.7,4.3,1.8,3482,20.5,10.9,17.1,11.5,12.3,7.2,5.4,6,23213,4268,13.8,7.9,78.3
8600000US21538,21538,565,2.5,18.6,9.6,21.6,17.5,13.5,10.3,6.5,44.4,57,43,99.1,99.1,0,0,0,0,0,97.3,392,18.4,53.3,15.3,9.2,3.8,3.3,485,23.3,14.4,25.4,6.2,10.3,4.5,0.4,6.4,16537,565,11.7,19.6,68.7
8600000US21539,21539,2784,4.3,17.8,8.6,24,12.8,13.8,10.9,7.9,41.5,51.3,48.7,99.2,96.7,2.4,0.1,0.1,0,0,96.6,1930,14.5,44.9,26.3,8.5,5.8,2.5,2278,18.3,12.6,13.7,14.8,12.5,7.2,3,3,22801,2689,13.1,16.3,70.6
8600000US21540,21540,91,7.7,14.3,11,18.7,17.6,9.9,8.8,12.1,41.5,47.3,52.7,100,100,0,0,0,0,0,94.5,61,16.4,45.9,27.9,8.2,1.6,4.3,79,13.9,13.9,21.5,20.3,6.3,3.8,6.3,0,22222,91,15.4,11,73.6
8600000US21541,21541,1051,2.3,8.9,17.4,12.7,23.6,19.3,8.2,7.5,50,52.9,47.1,100,97.4,0.9,0,1.7,0,0,97.4,750,5.7,35.3,23.7,15.6,19.6,14.1,971,7,8.8,25.5,15.8,3.9,8.4,0,18.7,26646,1043,13.2,0,86.8
8600000US21542,21542,642,3,15.7,3.1,23.4,15.7,19.5,12.9,6.7,49,50,50,97.2,96.4,0,0,0.8,0,0,96.4,502,7.2,59.6,23.9,4.8,4.6,4.7,565,19.5,9.9,19.1,16.1,11,11,1.9,0.9,23147,642,10.4,21.3,68.2
8600000US21543,21543,76,0,0,0,0,86.8,0,0,13.2,47.9,76.3,23.7,100,100,0,0,0,0,0,100,76,0,39.5,39.5,10.5,10.5,15.4,76,10.5,26.3,13.2,0,10.5,39.5,0,0,32500,76,0,0,100
8600000US21545,21545,2011,6.1,15,9.1,22.8,14.3,15.6,8.2,8.9,42.1,52.6,47.4,98.7,96.5,1.6,0.1,0,0,0.4,96.5,1403,8.8,51.2,25.1,5,10,5.7,1717,17.6,8,15,11.1,12.8,13.3,1.7,6.8,27225,2011,7,4.4,88.6
8600000US21550,21550,14493,4.8,16.4,7.6,23.1,13.8,15.1,10.4,8.8,44.1,49.3,50.7,98.6,96.9,1,0,0.4,0.1,0.1,96.7,10324,15.7,39.6,26.4,10.4,8,1.6,12009,22.3,8.3,18.5,10.7,14.8,6,1.9,6.3,21555,14074,16.3,12.3,71.4
8600000US21555,21555,1861,7.7,14.2,6,29.1,13.9,14.6,9.8,4.8,39.6,48.8,51.2,100,95.2,4.6,0.2,0,0,0,94.7,1342,11.7,45.2,35.7,4.8,2.7,2.2,1537,14.6,6.4,23.2,13.9,13.3,6.8,3.8,5.7,24898,1847,3.6,15.6,80.7
8600000US21557,21557,2016,4.4,15.8,12.2,16,16.7,15.8,15,4.1,46,46.1,53.9,99,99,0,0,0,0,0,98.4,1363,10.9,38.8,37,8.8,4.5,3,1691,29.5,10,13.5,15.1,10.5,4.6,7.7,4.4,22955,2016,4.2,21.6,74.2
8600000US21561,21561,2557,4.3,15.6,5.9,19.4,15.1,18.2,16.1,5.3,48.4,48.7,51.3,99.6,97.7,1.5,0,0.4,0,0,96.4,1895,5.7,44.3,25.2,11.9,12.9,4.6,2166,12.8,10.9,19.7,11.3,9,5.8,3.5,15.6,25433,2463,4.4,9.5,86
8600000US21562,21562,2992,3,19.4,7.4,24.1,11.7,13.4,7.8,13.2,42.5,49.2,50.8,99.9,99.7,0.1,0.1,0,0,0,99.7,2101,13.6,50.1,24.8,7,4.4,2,2404,18.7,10.6,15.6,10.6,14.2,10.1,3.2,6.2,24797,2796,15.9,7.7,76.4
8600000US21601,21601,24227,4.8,16,7.1,21.5,13.7,13.7,11.4,11.8,45.4,47.3,52.7,97.9,80,14.7,0.1,2.2,0,0.8,74.5,17452,12.1,27,28.1,17.1,15.6,1.7,20032,15.2,10.4,15.1,12.3,11.5,9,4.1,13.5,28393,23793,10.2,7.9,81.9
8600000US21607,21607,644,1.6,24.2,6.2,20.5,25.3,5.4,7.9,8.9,41.9,47.2,52.8,100,81.8,18.2,0,0,0,0,81.4,438,20.5,54.1,6.2,6.2,13,13.9,513,12.3,11.1,4.5,21.2,14.8,8.8,2.3,11.9,31815,644,2,17.5,80.4
8600000US21610,21610,337,0.3,9.2,3,20.8,27.9,27.3,6.5,5,50,49.6,50.4,99.7,90.8,1.8,7.1,0,0,0,90.8,295,3.1,43.4,34.2,11.2,8.1,6.4,312,12.5,15.4,14.1,11.2,15.1,6.7,2.6,7.4,26875,337,14.5,9.2,76.3
8600000US21612,21612,349,2,12.9,1.4,12,10.9,2,41,17.8,66.7,47.3,52.7,100,100,0,0,0,0,0,100,292,3.1,30.8,31.5,22.9,11.6,9.3,318,8.5,5.7,15.7,0,20.4,23.9,6,3.8,42375,349,11.2,0,88.8
8600000US21613,21613,17409,7.5,14.8,9.2,23.2,12.9,13.5,10.7,8.1,40.1,47,53,98.5,58,37,0.2,1.2,0,2.2,56.5,11923,16,37,24,13.5,9.5,1.6,14166,19.8,9.4,17.7,13.6,11.5,7.6,3,8,23808,16975,22.1,9.6,68.3
8600000US21617,21617,10141,6.6,18.7,6.3,24.8,17.3,9.6,10.2,6.5,41,52,48,98.9,91,7.2,0.2,0.4,0,0,89.4,6942,8.5,24.8,28,22.6,16.1,3.6,8080,12,6.8,12.7,9.1,11.9,10.2,4.7,23.2,41820,9917,4.2,3.2,92.6
8600000US21619,21619,5756,4.6,12.6,5.7,24.7,13.6,18.9,13.7,6,48.1,48.5,51.5,95.4,89.9,4.3,0.5,0.8,0,0,86.4,4434,5.5,27.7,31.5,22.1,13.1,3.9,4993,14.7,6.6,10.3,10.1,11.8,10.6,2.4,23.3,38920,5756,9.4,3.9,86.7
8600000US21620,21620,12406,4.1,11.4,17,16,12.6,14,11.9,12.9,46.7,44,56,98.8,77.8,19.6,0,1.2,0,0.1,77.4,8370,12.4,31.9,25.2,16.3,14.2,2.7,10932,24.3,7.4,15.6,9.5,10.2,8.8,3.7,9.4,23198,10980,16,9.1,74.9
8600000US21622,21622,812,0.6,19.1,2.5,20,12.8,25.6,10.2,9.2,50.3,57.5,42.5,98.2,83.7,13.3,0,0.1,0,1,83.7,632,32.3,42.4,16.5,7.8,1.1,1.2,652,21.8,11.2,23.9,17.6,9.8,8.1,0,2.3,20278,796,7,44.1,48.9
8600000US21623,21623,2271,9.6,17.4,7.9,26.9,12.4,9.6,8,8.2,34.3,49.9,50.1,98.9,80.3,18.3,0.2,0,0,0,74.9,1479,21.2,30.5,26.5,12.8,9,4.5,1783,20.1,7.2,11.3,6.4,8.9,11.7,4.1,10.8,29167,2067,19.4,8.2,72.4
8600000US21624,21624,120,0,9.2,0,12.5,21.7,21.7,25.8,9.2,61.2,44.2,55.8,100,91.7,0,0,8.3,0,0,91.7,109,0,8.3,22,18.3,51.4,19.6,109,11.9,0,20.2,9.2,17.4,5.5,11,15.6,42708,120,8.3,0,91.7
8600000US21625,21625,2640,3.1,19.1,8,20.8,14.7,19,7.8,7.3,44.2,51,49,100,87.7,11.7,0,0.4,0,0.3,87.7,1841,10.5,47.7,24.6,10.9,6.4,2.9,2168,20.8,9.2,11,11.3,15.4,7.9,5.7,8.3,28594,2640,12.5,9.6,78
8600000US21626,21626,122,0,0,0,5.7,47.5,22.1,14.8,9.8,51.9,49.2,50.8,100,85.2,0,0,14.8,0,0,85.2,122,50.8,4.9,22.1,18.9,3.3,6.4,122,16.4,26.2,11.5,5.7,4.1,11.5,0,6.6,13750,122,23,17.2,59.8
8600000US21627,21627,74,0,0,0,0,0,66.2,8.1,25.7,57.5,40.5,59.5,100,100,0,0,0,0,0,100,74,8.1,25.7,66.2,0,0,33.8,74,0,16.2,0,0,0,17.6,32.4,0,62292,74,0,16.2,83.8
8600000US21628,21628,592,4.4,12.5,6.1,23.5,21.3,22,6.6,3.7,46.4,44.6,55.4,100,91.7,8.3,0,0,0,0,91.7,456,3.5,42.3,36.8,3.7,13.6,11.8,492,4.9,16.1,12.2,11.4,22.8,3.3,5.3,22.2,36146,592,2.9,24.2,73
8600000US21629,21629,9625,5.8,18.4,9.6,23.3,14.2,13.1,6.9,8.7,38.6,50.2,49.8,98.3,78.2,16.9,0.2,0.3,0.1,2.5,76.6,6375,15.7,41.8,28.6,7.9,6.1,1.8,7687,16.6,7.7,15.1,10.6,13.9,9.4,4.1,11,29897,9224,12.5,11.1,76.4
8600000US21631,21631,2638,2.3,17.8,7.7,19,18.3,15.7,10.3,9,46.7,47.8,52.2,99.6,91.8,6.4,0,1.1,0,0.2,91.1,1907,13.4,33.8,27.5,16.6,8.8,3,2242,13.1,6.6,8.9,16,16.9,16.4,3.8,6,34049,2634,5.7,9.1,85.2
8600000US21632,21632,5838,8.1,16.6,7.3,21,17,15.1,9.2,5.8,42.4,47.8,52.2,97.3,69.4,27.9,0,0,0,0,68.7,3971,15.9,47.6,23.3,8.4,4.8,1.7,4617,20.3,8.1,14.7,15,13.4,8.1,3.1,7,25830,5838,22.4,10.5,67.1
8600000US21634,21634,352,0,2.8,14.8,41.2,12.2,13.1,10.5,5.4,38.5,27.8,72.2,100,98,0,0,2,0,0,54.3,290,56.6,19.3,14.5,2.4,7.2,6.3,342,24.3,9.9,20.2,12.9,9.4,6.4,4.4,9.1,17264,352,20.5,16.2,63.4
8600000US21635,21635,2251,9.3,12,7.9,25.8,12.9,15.4,10.4,6.3,42.8,51.7,48.3,99.2,95.3,3,0.8,0,0,0,81.7,1595,14.1,34.4,25.6,10.4,15.4,4.7,1829,13.5,7.2,12.8,16.2,10.3,14.3,5.5,13.1,33673,2247,4.9,3.3,91.8
8600000US21636,21636,1244,7.4,21.1,4.9,25.6,14.5,10,4.5,11.9,39.2,47.5,52.5,96.3,86.1,8.4,0,0,0,1.8,77.6,828,18.8,46.1,21,7.1,6.9,6.1,954,15.6,12.2,23.2,7.4,6.8,7.9,5,9.4,20711,1242,19.4,14.5,66.1
8600000US21638,21638,4959,5.1,15.4,9.1,22.3,20.5,10.7,11.6,5.3,43.9,51,49,97.4,84.5,10.2,0,2.5,0,0.2,81.4,3490,5.1,32.6,24.6,25.5,12.2,3.5,4104,12.4,3.9,12,11.3,17.5,10.3,2.2,22,40202,4959,8.1,2.9,89
8600000US21639,21639,4424,6.9,19.6,10.6,24.5,14.3,12,8.6,3.6,35.6,47.9,52.1,98.5,90.3,7.6,0.6,0,0,0,88,2785,14.1,42.9,27.1,11.2,4.7,1.9,3505,18,8.9,15.1,17.7,9.4,9.3,4.3,6.4,27138,4392,5.9,10.4,83.7
8600000US21640,21640,1284,3.3,9.7,6.5,23,20.7,16,18.3,2.3,50.2,48.4,51.6,100,95.2,2.1,1.7,0,0,1,94,1032,27.5,47.2,19.2,5.1,1,1.2,1137,14.2,10.5,17.2,15.2,13.4,7.6,4.7,3.6,26103,1284,20.6,3,76.4
8600000US21641,21641,63,12.7,12.7,0,33.3,7.9,4.8,17.5,11.1,40.6,47.6,52.4,100,100,0,0,0,0,0,96.8,47,17,27.7,31.9,17,6.4,9,47,14.9,6.4,6.4,17,10.6,4.3,2.1,14.9,31250,63,19,1.6,79.4
8600000US21643,21643,5128,7.4,14.6,5,24.6,21.5,11.7,7.1,8.2,42.2,48.9,51.1,97.3,64.7,29.5,0,1.3,0,1.8,63.6,3744,21.6,38.9,27.9,8.7,2.9,1.3,4145,14.5,10,18.3,12.8,16.4,8.5,2.3,6.9,27166,5127,17.5,8.2,74.3
8600000US21644,21644,163,0,58.9,0,16.6,20.2,2.5,1.8,0,14.8,57.1,42.9,100,100,0,0,0,0,0,100,67,6,44.8,0,49.3,0,36,67,6,0,0,0,0,0,44.8,0,71204,163,0,0,100
8600000US21645,21645,1028,1.4,19.9,11.8,21.7,19.7,12.1,8.2,5.3,38.8,56.1,43.9,100,91.1,7.7,0,0,0,1.3,89.5,688,14.5,36.5,22.8,18.2,8,5.8,861,16.4,3.9,9.2,15.2,12,8.9,2.8,13.8,31821,1028,18.4,1.3,80.4
8600000US21647,21647,212,0,14.6,0,6.6,11.8,24.5,17.9,24.5,62.3,42,58,100,75.5,19.8,0,0,0,4.7,75.5,181,14.9,24.3,30.9,16.6,13.3,14,185,12.4,5.4,13.5,17.8,14.1,15.1,4.9,10.3,31250,212,3.8,6.1,90.1
8600000US21648,21648,330,0,24.8,0,26.7,16.1,5.2,18.5,8.8,43.4,48.2,51.8,100,90,3.9,0,3,0,3,90,248,14.1,37.9,25.8,14.5,7.7,8.6,298,18.5,4.7,25.2,7,11.7,0,3,11.4,22232,308,1.6,8.4,89.9
8600000US21649,21649,1985,7.8,17.3,11.1,30.9,18.9,7.4,3.8,2.9,30.8,54.3,45.7,98.6,74.6,0.1,0,1.8,0,22.2,46.5,1266,47.1,31.2,18.6,2.1,1,1,1523,17.5,3.9,23.6,8.5,7.1,6.3,1.6,4.9,19408,1937,35.6,11.2,53.2
8600000US21650,21650,88,0,9.1,0,8,47.7,0,27.3,8,49.5,67,33,100,100,0,0,0,0,0,100,80,0,53.8,35,11.3,0,32.1,88,9.1,21.6,15.9,0,13.6,18.2,0,21.6,40625,88,0,8,92
8600000US21651,21651,3363,6.9,15.6,9.6,26,12.5,14.1,10.3,5,38.5,51.7,48.3,98.2,83.9,12.3,1.4,0.3,0,0.3,69.3,2284,20.3,38.6,21.9,11.5,7.7,3,2659,14.8,8.8,17.7,12,13.3,8.5,5,9.7,28936,3353,14.6,7.5,77.9
8600000US21652,21652,181,6.6,0,0,3.9,5,0,47,37.6,74.1,45.9,54.1,100,100,0,0,0,0,0,100,169,11.8,5.9,20.7,36.1,25.4,17.5,169,13.6,0,9.5,5.3,9.5,10.7,20.1,22.5,61806,181,23.2,0,76.8
8600000US21653,21653,69,0,0,13,18.8,7.2,5.8,47.8,7.2,66.9,37.7,62.3,100,100,0,0,0,0,0,87,60,40,13.3,15,6.7,25,26.4,69,34.8,2.9,10.1,20.3,0,5.8,5.8,15.9,22500,69,4.3,8.7,87
8600000US21654,21654,1025,2.7,14.7,0.3,12.1,8,18.7,29.9,13.6,62.7,42.6,57.4,99.6,96.4,3.2,0,0,0,0,96.4,843,0.2,12.3,28,31.2,28.2,6.7,852,13.4,6.2,16,5.5,10.7,10.9,7.9,25.4,45144,1025,13.9,5,81.2
8600000US21655,21655,5148,6.8,15.2,10,23.4,14.5,14.5,9.2,6.4,40.9,48.3,51.7,98,86,10.8,0,1.2,0,0,85.8,3504,8,49.6,22.5,12.7,7.2,2.3,4141,16,7.9,14.5,15.2,15.9,8.4,4.4,7.8,29969,5102,10.3,5.6,84.1
8600000US21657,21657,939,4.2,25.5,11.2,15.9,25,12.8,4.9,0.6,40.3,56,44,100,76.7,23.3,0,0,0,0,76.7,556,12.4,42.6,20.5,8.5,16,11.4,758,10.4,12.7,13.2,4.9,12.8,11.6,1.7,11.7,31696,939,23.5,0.6,75.8
8600000US21658,21658,3891,5.4,17.4,5.7,18,13.9,20.2,11.2,8.2,48.4,48.2,51.8,98.2,91.7,3.6,0.5,2,0,0.4,89.5,2783,4.8,20.2,28.4,29.5,17.1,4.6,3114,17.6,6.8,10.3,7.4,11,10,3.4,28.2,44255,3891,9,1,90.1
8600000US21659,21659,1525,4.3,15.9,3.5,17.6,18.7,22.8,7.9,9.4,50.8,49.8,50.2,98,74,22.4,0,1.5,0,0,74,1165,21.5,36.1,27.2,9.8,5.5,3.6,1278,17.8,5.6,15.8,15.2,11.4,13.5,5.3,5.4,28472,1514,9.8,9,81.2
8600000US21660,21660,4198,4.9,21.8,7.3,26.8,16.1,11.5,8.2,3.4,39.1,43.5,56.5,96.3,81.3,13.6,0,0.5,0.3,0.4,79.6,2768,14.5,38.3,33.3,9.3,4.6,1.8,3342,17.9,9,12.7,14.6,9.2,8.2,2.4,12.7,27134,4134,14.9,7.7,77.4
8600000US21661,21661,2723,4.6,13.3,6.6,16.2,14.9,20.5,13.4,10.7,52.6,46.4,53.6,100,91.6,7.8,0,0.5,0,0.1,87.6,2059,15.1,35.6,23.2,13.5,12.6,3.8,2332,13.4,10.7,17.4,13.8,12.3,8.1,3,10.6,27033,2695,5.5,13.5,81
8600000US21662,21662,793,7.9,11.9,7.3,13.5,11.6,22.2,16,9.6,51.5,48.5,51.5,94.5,71.4,22.6,0.5,0,0,0,69.6,578,14.7,29.4,22.1,15.9,17.8,8.7,690,16.2,15.5,12.2,9.6,11.6,7.7,2.2,15.8,30060,793,7.2,6.4,86.4
8600000US21663,21663,3070,4.2,7.9,4.6,16.1,10.9,18.3,21.9,16,58.4,42.5,57.5,98.3,87.3,10.2,0,0.3,0,0.5,85.4,2556,7,22.8,25.1,22.3,22.8,4.3,2737,11,11,16.3,9.6,13.8,7.2,2.7,22.6,34121,3070,7.2,8.6,84.2
8600000US21664,21664,855,8.9,24.9,2.5,27.8,13.2,7.5,9.2,6,35.8,51.6,48.4,99.4,86.1,0,0,2.6,0,10.8,76.3,545,12.8,42.9,34.3,8.8,1.1,1.2,631,17.6,11.1,12.8,15.8,19.2,4.6,1.7,3.8,28105,855,11.6,18.1,70.3
8600000US21665,21665,346,11.3,9.8,4.9,25.1,17.6,13,14.2,4,43.4,63.6,36.4,98.3,88.7,0,0,0,0,9.5,88.7,256,18,22.7,25.8,18.4,15.2,10.8,273,5.5,2.9,13.9,34.4,12.8,2.2,3.3,20.1,31587,346,1.7,11.6,86.7
8600000US21666,21666,12028,4.7,18.5,7.9,21.3,19.2,14.4,8.5,5.6,43.4,47.4,52.6,98.9,96.5,1.1,0.3,0.8,0,0.2,95,8288,6.2,29.6,30,21.4,12.8,2.8,9759,13,6.1,13.9,9.7,12.3,10.8,4.5,21.8,38725,11995,2.7,2.8,94.6
8600000US21667,21667,239,9.2,0,0,13,9.6,38.1,30.1,0,56.3,44.8,55.2,100,100,0,0,0,0,0,100,217,0,28.1,38.2,18,15.7,16.3,217,12.4,2.3,18.4,17.5,15.2,16.1,0,18,32212,239,0,0,100
8600000US21668,21668,1881,3.9,20,13.5,20.3,11.8,12.9,10.4,7.2,38.5,50,50,98.9,82.2,4.7,1.2,0.4,0,10.4,79.9,1177,10.5,35.3,27.3,21.2,5.7,3.6,1536,14.1,9,14.1,13.5,17.1,9.3,2.2,7.8,31538,1865,2.5,22.2,75.3
8600000US21669,21669,169,5.9,7.1,0,14.2,26,11.2,28.4,7.1,51.8,36.7,63.3,100,100,0,0,0,0,0,100,147,21.1,55.1,8.2,11.6,4.1,5.5,147,9.5,6.8,15.6,17.7,32,3.4,0,8.2,33594,169,0,0,100
8600000US21671,21671,879,1.8,4.8,9.4,18.3,26.5,17.2,17.6,4.3,49.5,55.1,44.9,99,98.1,0,0.9,0,0,0,98.1,738,24.1,27.4,20.1,14.6,13.8,9,821,11.6,8.3,14.1,22.5,12.8,6.3,1.5,18.4,29038,879,9.4,2.6,87.9
8600000US21672,21672,164,0,0,0,6.7,26.2,22,8.5,36.6,61.8,51.2,48.8,95.1,95.1,0,0,0,0,0,95.1,164,28.7,54.3,13.4,3.7,0,17.9,164,22,18.9,11.6,14,3,21.3,6.7,0,20000,164,22,7.3,70.7
8600000US21673,21673,3164,5.7,10.9,10.6,17.2,19.8,16.8,11.3,7.7,48.6,50.1,49.9,98.7,77.1,19.6,0,0.2,0.8,1.1,75.1,2304,12.3,36.1,23.4,14.8,13.5,4,2765,21.9,7.8,13.1,11.3,11.9,11.2,2.1,12.5,26811,3154,16.1,2.8,81.1
8600000US21675,21675,72,0,0,0,6.9,22.2,38.9,6.9,25,61.6,59.7,40.3,100,100,0,0,0,0,0,100,72,6.9,13.9,51.4,0,27.8,37,72,13.9,36.1,23.6,5.6,11.1,4.2,5.6,0,15000,72,27.8,8.3,63.9
8600000US21676,21676,419,3.1,3.3,4.8,20,14.1,10.5,24.6,19.6,61,43.9,56.1,96.9,86.9,10,0,0,0,0,86.9,372,18.3,41.4,16.9,3,20.4,11.9,392,19.9,14.5,24.2,16.6,2.6,5.6,1.3,13.5,19497,419,0,17.2,82.8
8600000US21677,21677,624,0,13.6,16.5,25.3,10.6,6.3,16,11.7,42.6,52.9,47.1,97,95.5,1.4,0,0,0,0,95.5,436,11.5,31,31.7,7.1,18.8,7.4,555,16.4,10.8,18.2,9.5,10.5,11.5,7.2,14.8,27009,624,1,4.6,94.4
8600000US21678,21678,2495,5.7,15,7.5,21,17.9,13.2,11.3,8.4,46.2,49.5,50.5,99.5,69.6,26.9,0,0,0,3,68.7,1793,10.3,42.8,20.5,18.6,7.8,3.5,2001,18.1,8,23.8,7.5,7,13.8,2.8,8.2,22198,2455,8.2,16.9,74.8
8600000US21679,21679,400,4.5,6.5,9,9,13.3,21.5,32.8,3.5,61.3,47,53,100,100,0,0,0,0,0,100,320,16.9,34.4,14.1,12.8,21.9,13.7,369,18.4,14.6,8.1,6.8,10.3,14.9,0,23.3,35357,400,8,0,92
8600000US21701,21701,36530,5.7,14.9,9,27.4,15.3,13.4,7.8,6.7,40.1,47,53,97.2,80.9,10.6,0.6,3.9,0,1.2,75.3,25745,8,23.9,26.7,23.1,18.2,1.8,30114,16.1,6.3,12.7,10.4,11.9,10.2,4,19.8,35170,35386,9.3,5.8,84.9
8600000US21702,21702,38203,7.8,16.6,7.7,30.6,13.6,12.1,6.1,5.6,36.3,47.7,52.3,95.8,66.9,18.2,1.1,6,0.3,3.3,58.2,25986,11,19.2,30.1,22.4,17.3,1.7,30135,11.8,6.9,11.8,12.1,13.2,10,5.6,17.9,36735,37731,7.2,6.4,86.4
8600000US21703,21703,32894,7.6,19.8,8.8,31.7,14.8,9.1,4.9,3.3,33.2,50.2,49.8,95.7,65.5,16.2,0.2,8.2,0,5.5,55.5,21004,11.1,20.4,31.6,24.5,12.3,1.7,25354,13.5,7,11.1,9.5,11.7,10.1,5.5,19.3,37892,32795,10.2,9.2,80.6
8600000US21704,21704,14820,7.7,22.4,6.5,31.5,13.5,9.6,4.8,4,36.7,48.9,51.1,95.3,72.2,9,0.6,11.9,0,1.6,67.1,9387,3.8,17,26.3,30.8,22.2,3.3,10991,9.4,4.1,9.1,10.3,8.6,9.4,4.9,30.3,51897,14398,3,4.3,92.8
8600000US21705,21705,4,0,0,50,0,50,0,0,0,-,50,50,50,0,50,0,0,0,0,0,2,0,0,0,0,100,100,4,50,0,0,0,0,0,0,0,-,4,100,0,0
8600000US21710,21710,4995,5.2,20.9,5.6,20,21,11.1,5.3,11,43.1,50.9,49.1,96.1,91.6,3.2,0,1.2,0,0.2,88.7,3410,10.9,19.6,21.4,31.1,17,3.7,3974,15.1,4.1,8.6,5.6,11.6,11.3,5.4,28.7,50214,4952,1.9,5.4,92.8
8600000US21711,21711,837,3.7,12.9,15.1,24.3,21,5.5,8,9.6,36.7,54.6,45.4,98.6,98.6,0,0,0,0,0,98.6,572,10.7,68.9,11.7,3.1,5.6,5.8,735,11.6,4.4,15,28.6,13.7,2.4,3.1,5.2,28768,837,7.8,1.2,91
8600000US21713,21713,9164,5.6,13.4,7.6,20.8,15.7,19.1,9.7,8.2,46.6,48.9,51.1,99.2,95.7,1.9,0.2,1.3,0,0,94.5,6733,11.7,36.3,27.7,14.5,9.8,2.7,7702,11.8,9.3,14.9,10.3,14.6,9.5,4.6,15.9,34106,8869,3.9,4.5,91.7
8600000US21714,21714,52,0,9.6,0,11.5,0,0,78.8,0,71.7,38.5,61.5,100,100,0,0,0,0,0,100,47,0,87.2,0,12.8,0,43.3,47,44.7,0,0,0,42.6,0,12.8,0,42813,52,0,0,100
8600000US21716,21716,5037,5.6,18.7,11.7,25.3,16.2,9.8,7,5.5,35.2,49.7,50.3,97.2,95.1,1.9,0,0,0.2,0,91.9,3220,13.2,37.1,29.6,12.2,7.9,3.5,3979,14.6,5.4,16.2,12.2,16,9.4,3.7,11.4,31966,5000,15.5,7.7,76.8
8600000US21717,21717,34,0,0,0,38.2,0,29.4,32.4,0,62.4,70.6,29.4,100,100,0,0,0,0,0,100,34,0,29.4,32.4,38.2,0,50.9,34,0,0,0,0,32.4,0,0,29.4,-,34,0,0,100
8600000US21718,21718,153,7.8,9.8,3.3,18.3,20.3,25.5,9.8,5.2,48.9,45.8,54.2,98.7,98.7,0,0,0,0,0,98.7,121,11.6,33.1,25.6,13.2,16.5,9.5,133,17.3,6,3.8,17.3,12.8,15,6,14.3,36563,153,11.8,0,88.2
8600000US21719,21719,1412,8.8,18.9,8.6,23.4,13.9,13,7.4,6,36.6,49.1,50.9,97.2,96.6,0.1,0,0,0.6,0,96.6,899,12.9,45.6,24.8,12.8,3.9,2.6,1082,11.3,12.1,15.1,17.8,12.8,7,1.9,9.9,26648,1405,9.8,12,78.2
8600000US21722,21722,5530,3.2,18.7,10,17.8,20.8,11,13.4,5.1,45.3,53.7,46.3,97,94.5,1.4,0.1,0.9,0,0.2,94.2,3771,15.6,45.7,25.6,7.6,5.5,2.1,4697,21.6,8.5,13.1,11,13.5,8.6,4.2,8.5,26411,5492,4.7,5.9,89.4
8600000US21723,21723,631,2.9,18.4,2.2,26.8,24.7,15.1,8.7,1.3,44.9,48,52,97.5,57.4,18.9,0,19.7,1.6,0,48.2,483,2.7,23.2,12,46.6,15.5,10.7,544,5,6.8,11.9,7.2,12.1,9.6,3.7,25.7,44018,631,0,6,94
8600000US21727,21727,6561,4.8,14.6,30.7,17.8,13.6,5.8,5.6,7.3,25,48.6,51.4,98.9,91,4.2,0.2,2.5,0,1,89.1,3280,11.7,31.7,28.8,18.6,9.2,3,5527,38.3,7.5,12.5,6.9,8.6,5.8,2.5,6.6,13633,4803,11.9,10.7,77.3
8600000US21733,21733,863,5.7,14.1,7.6,26.5,16.9,10.5,14.3,4.3,43.7,52.5,47.5,98.5,98.5,0,0,0,0,0,98.5,626,18.8,39.6,17.7,16.6,7.2,7,717,14.6,5,13.9,6.3,17.3,5.3,7.8,21.1,38495,863,3.7,1.5,94.8
8600000US21734,21734,805,5.6,17.4,10.2,21.2,24.8,8.9,8.4,3.4,44.1,45.2,54.8,99,95.8,2.2,0,0,0,1,94.8,538,14.5,41.8,30.3,10.6,2.8,3.4,691,14,12.7,16.5,21.7,11.6,3.3,3.8,6.2,27831,805,11.8,12.9,75.3
8600000US21737,21737,1815,6,28.2,6.8,24.7,17.3,9.1,7.3,0.6,40.2,48.4,51.6,97.9,73.1,1.8,0,23,0,0,73.1,1071,4.3,14.1,9.4,33,39.2,9.9,1272,10.7,3.2,3.5,5.9,7.7,3.5,2.5,43.4,85179,1815,0.1,3.6,96.3
8600000US21738,21738,3450,3.2,21.5,6.2,14.7,26,16.8,7.4,4.1,48.5,50.8,49.2,97.7,83.8,0.8,0,13.1,0,0,83.8,2383,1.7,13.6,21.2,38.1,25.3,6,2833,9.5,3.1,5.7,6.2,5,7.2,4.3,46.2,82779,3450,0.6,0.5,98.9
8600000US21740,21740,61584,6.7,16.9,8.7,28.7,13.9,11.5,6.9,6.7,37.4,51,49,95.7,77.7,15.5,0.3,1.5,0,0.6,74.9,41696,16.5,39.1,29,10.4,5.1,0.8,49589,17.5,10.5,16,11.8,12.3,7.7,2.4,6.5,23975,57616,19.4,9.5,71.1
8600000US21742,21742,32549,4.9,18.4,7.5,24.2,16,12.2,9.1,7.7,42.3,47.9,52.1,97.5,84.6,9.1,0.3,3.1,0,0.5,81.2,22529,9.3,29.2,32,16.9,12.7,1.4,26271,14,9.6,13,11,13.5,10.2,4.9,14.7,32422,32039,9.4,6.9,83.7
8600000US21746,21746,3074,0,0,17.3,59.5,18.6,4,0.6,0,33.4,100,0,95.9,28.9,65.4,0.5,0.7,0,0.5,27.8,2543,30.4,44.4,21.7,2.9,0.6,0.8,3074,13.4,2,1.8,0.5,0,0,0,0,3818,0,-,-,-
8600000US21750,21750,4023,8.2,15,9.4,22.9,13.6,13.6,10.1,7.2,38.8,51.4,48.6,99,97.9,0.6,0.1,0.3,0,0,97.4,2715,17.7,52.2,21,5.8,3.4,1.7,3192,20.3,10.3,16,14.8,15.9,5.3,2.5,4.4,23682,3975,13.9,17.2,68.9
8600000US21754,21754,6148,2.8,21.7,9.3,17.8,21.7,15.9,8.2,2.7,44.3,49.2,50.8,99.1,92.5,0.9,0,4.2,0,1.5,91.8,4074,3.7,25.7,21,32.6,16.9,4.2,5086,13.8,4.2,10,8.7,10.6,7.1,3.6,29.1,42727,6139,3.2,4.6,92.2
8600000US21755,21755,6040,4.4,19.2,7.1,19.7,21.1,14.6,7.1,6.9,44.9,52.1,47.9,98.7,96,1.4,0,1.2,0,0.1,95,4184,3,33.1,27.8,22.3,13.8,3.4,4995,16.1,6.4,9.6,7.9,9.3,11.4,6.1,22.3,43424,5963,3,3.4,93.6
8600000US21756,21756,3706,3.6,22.2,6.3,27.8,16.7,14.7,6.9,1.8,40.8,52.3,47.7,98.1,95.5,2.3,0.1,0.1,0,0.1,94.9,2517,11,32.1,32.1,14.9,9.9,3.8,2918,11.9,6.5,17.1,5.9,10.2,13.7,5.7,16.7,39534,3687,6.2,5.2,88.6
8600000US21757,21757,2961,4.3,14.8,6.8,20.3,26.1,11.4,8.9,7.3,46.9,52.9,47.1,99,97.9,0.7,0.3,0.2,0,0,93.2,2194,19.7,44.5,23.6,8.2,4,2.4,2582,12.3,7,12.5,14.2,17.5,6.8,4.3,12.2,33712,2923,3.5,7.5,89
8600000US21758,21758,4759,7.1,16.2,5.7,20.8,20.4,14.1,8.3,7.4,45.2,50.4,49.6,99,91.1,6.9,0.6,0.3,0,0,88.3,3379,7,34,24.1,23.4,11.5,3.3,3798,8.5,3.7,15.1,10.9,13.2,13.6,3.4,20.2,42141,4759,4.4,2,93.6
8600000US21762,21762,180,0,8.3,22.8,17.2,26.7,6.1,3.9,15,48.1,37.2,62.8,100,100,0,0,0,0,0,100,124,5.6,60.5,15.3,18.5,0,22.8,165,12.1,0,21.2,18.8,4.8,0,0,26.1,31406,180,0,0,100
8600000US21766,21766,497,0,12.5,11.1,21.9,1.4,18.5,19.7,14.9,57,48.9,51.1,100,98.4,1.6,0,0,0,0,98.4,380,15.8,53.4,13.4,10.8,6.6,9.2,453,28.9,17.2,15,6.2,10.4,16.3,0,2,15708,497,10.5,6,83.5
8600000US21767,21767,1148,6.6,23.1,16.6,22.5,15.2,6.1,3.5,6.5,26,39.8,60.2,100,90.9,7,0,0,0,2.1,87.8,617,15.2,32.1,33.4,17.5,1.8,3,807,21.7,6.1,10.4,26.8,15,3,0,2.6,25995,1148,24.8,18.6,56.5
8600000US21769,21769,11190,5.1,18.4,7.7,19.5,20,15.2,10.3,3.9,44.5,52.1,47.9,98.3,94.6,1.4,0.2,2,0,0.1,91.3,7700,3.9,25,26.9,25.9,18.4,3.1,9251,15.1,5.4,10.2,9,10.5,10.4,3.6,25.2,41217,11190,2.5,2.9,94.5
8600000US21770,21770,5457,3.2,19.5,9.8,18.8,22.6,15.8,7.5,2.7,44.5,50.2,49.8,97.4,94.5,1.7,0,1.1,0,0,89.7,3680,7.7,25.5,24.8,27.9,14,3.6,4473,12.5,6.9,8.8,9.5,13,13.3,5.3,23.4,45766,5438,1,3,96
8600000US21771,21771,29558,4.7,20.4,9.7,19.5,18.1,15.3,7.1,5.2,42.2,49.3,50.7,98,94.2,1.9,0.4,1.3,0,0.2,93.1,19264,6.1,24.9,29.2,24.3,15.5,1.7,23857,13.8,6.3,10.4,8,11.4,9,5.2,25.4,42681,29386,2.7,2,95.3
8600000US21773,21773,5422,3.4,19.2,6.7,20.1,20.3,12.9,9.3,8.1,45.4,51.5,48.5,99.4,97,0.5,0.1,1.2,0,0.6,95,3832,8.2,31.4,24.6,21.9,13.8,3,4436,13.1,6.9,11.3,9.4,14.2,13.3,3.9,19.4,39760,5422,2.8,2,95.1
8600000US21774,21774,12425,6.3,24.2,5.8,28.5,17.4,9.8,5,2.9,38.6,49.1,50.9,97.7,90.1,4,0.1,3,0.1,0.5,85.4,7912,5,18.9,26.5,26.4,23.1,3.3,9285,11.8,5.6,6.8,7.1,10.4,9.8,6.1,30.6,56109,12421,3,2.1,94.9
8600000US21776,21776,5251,5.5,14.3,9.7,20.4,21.1,15.4,10.6,3.1,45.1,50.3,49.7,98.2,91.1,3.7,0,2.3,0,1.2,90.5,3702,6.2,33.8,30.3,19.6,10.2,2.6,4410,14.4,5.4,11.5,10.7,13.8,10,4.8,21.9,38078,5236,5.2,2.2,92.6
8600000US21777,21777,1700,4.9,22.9,8.7,25.5,23.1,9.2,4.4,1.3,37.7,50.6,49.4,97.1,76.7,19.7,0,0.4,0,0.3,73.4,1079,4.1,29.7,20,23.7,22.4,7.4,1328,12.6,4.1,11.4,7.3,12.1,11.8,3,24.8,46515,1700,4.1,1.6,94.2
8600000US21778,21778,1141,3.8,16.6,15.5,23.1,19.2,12.2,6.7,3,39.7,47.4,52.6,97.1,73.2,1.6,0,0.8,0,21.6,73.2,732,11.3,46.4,20.2,9.4,12.6,7.9,964,19.2,9.8,9.3,10.8,11.5,14.1,6.5,10.1,32829,1141,5.2,3.6,91.2
8600000US21779,21779,853,5.5,14.8,8.9,23.1,20.3,14.8,7.2,5.5,44.5,54.7,45.3,95.4,90.4,2.7,1.8,0.6,0,0,90.4,604,0,33.3,28.8,14.9,23,10.8,746,7.4,4.4,5.2,11.8,14.9,12.2,3.8,31.2,51711,853,4,0,96
8600000US21780,21780,1623,5.9,15.8,6.5,25.5,15.7,14.8,8.3,7.5,39.9,54.7,45.3,99,93.7,4.3,0,1.1,0,0,92.8,1166,8.1,46.8,31.7,9.2,4.2,3.5,1369,16.9,12.8,13.7,9.7,11.5,16.2,3.9,5.1,26667,1505,12,5,83.1
8600000US21781,21781,93,0,8.6,91.4,0,0,0,0,0,19.8,45.2,54.8,100,60.2,32.3,0,7.5,0,0,60.2,0,-,-,-,-,-,**,93,47.3,0,0,0,0,9.7,0,0,5583,2,100,0,0
8600000US21782,21782,4367,4.5,17,7.5,25.3,15.5,17.9,7.1,5.2,42.2,50,50,97.4,96.1,0.8,0.1,0.2,0.3,0,95.1,3100,14,43,24.8,11.8,6.4,2.7,3653,12.7,10.2,14.2,11.7,11.9,10,4.9,11.8,30103,4295,9.5,2.5,88
8600000US21783,21783,9031,8.3,16.6,6.3,24.3,15.6,14.8,8.2,6,42.1,49.1,50.9,97.7,94.5,1.7,0.1,0.6,0,0.8,93.1,6217,9.8,36.3,26.9,18.3,8.7,2,7096,12.6,6.6,14.4,13,13.7,12.7,5.9,12,34280,8839,5.4,5.4,89.2
8600000US21784,21784,39696,4.8,19.6,7.5,21.8,18.9,12.7,8,6.7,42.5,49.9,50.1,97.9,91.6,3.3,0.2,2.6,0,0.2,89.4,27021,6.1,25.5,27.3,25.1,16,1.5,32136,13.5,6.8,10.5,8.4,11.1,8.7,5.5,25.1,42002,38687,2.8,3.4,93.8
8600000US21787,21787,11531,5.8,20.7,7.9,23.3,16.8,9.6,9.6,6.2,40.6,48.5,51.5,97.8,92.2,3.6,0.1,1.4,0,0.5,91.1,7556,9.2,43.6,27.6,12.7,6.9,2.2,9162,13.6,5.9,12.3,15.9,12.7,10.6,5.6,11.9,32186,11440,9.5,4,86.4
8600000US21788,21788,11794,4.5,17.7,9.6,22.9,16.3,14.5,8.7,5.9,41.9,50.7,49.3,98.7,97.3,0.9,0.1,0.2,0,0.1,95,8047,10.5,38.6,27.8,14.6,8.4,1.9,9662,14.8,5.5,13.4,10.5,13.1,12,5.7,13.4,34923,11794,5.6,5.8,88.6
8600000US21790,21790,45,0,0,0,0,20,26.7,13.3,40,74.3,40,60,100,100,0,0,0,0,0,80,45,0,100,0,0,0,44.2,45,0,33.3,0,40,0,26.7,0,0,31042,45,0,13.3,86.7
8600000US21791,21791,5643,5.8,19.6,6.5,25.5,15.4,12.4,9.6,5.2,40.6,51,49,99.4,93.6,4,0.1,0.5,0,1.3,91.8,3846,8.1,39.8,29.1,15.2,7.8,2.3,4466,14.9,8,13,9.1,12.8,11.1,4.7,16.2,34695,5639,9.3,5.4,85.3
8600000US21793,21793,10149,6.2,20.5,6.2,24.5,14,14.3,9.8,4.5,38.7,48.2,51.8,96.2,87.5,6.1,0.2,1.8,0,0.6,84.1,6814,6.9,28.1,31,19.7,14.5,2.7,7995,12.1,6.7,13.6,9.6,11.7,10.3,7.7,17.5,39547,9898,3.8,6,90.2
8600000US21794,21794,2421,2.7,20.6,7.1,17.2,22.9,16.6,10.4,2.4,47.3,55.6,44.4,96.4,71.3,4.5,0,20.1,0,0.5,67.8,1684,4,9.1,17,34.1,35.9,7.7,2059,12.6,4,9.5,2,4.3,5.2,2.3,39.7,71923,2421,0.6,2.9,96.6
8600000US21795,21795,9225,6.1,13.7,8.3,21.6,16.9,12.4,8.9,11.9,45.2,48.1,51.9,99.1,94.2,2.7,0.1,1.9,0.1,0.2,93.8,6628,12.9,41.9,28.7,9.5,7,2.1,7691,15.3,8.4,15.6,12.5,15.3,11.6,4.2,9.3,29894,9017,6.8,4.6,88.6
8600000US21797,21797,8160,2.2,19.8,8.8,16.3,22.8,15.8,9.5,4.8,46.5,50.3,49.7,98.7,94.2,1.6,0,2.4,0,0.4,91.8,5645,4.7,27.9,24.9,23.8,18.7,3.8,6765,16.8,3.5,8.8,8.3,9.3,9.3,5.5,28.6,46170,8125,4.7,1.6,93.7
8600000US21798,21798,2647,5.1,19.4,8.3,24.4,19.3,10.6,7.8,5.1,41.4,50.8,49.2,96.4,92.5,0.9,0.1,1.5,0.2,1.3,91.4,1778,8.9,29.5,28,21.1,12.5,3.8,2169,14.6,7.4,9.3,10.6,7.9,10.6,6.2,21.5,37692,2647,4.8,6.3,88.9
8600000US21801,21801,31052,6.1,16.1,18.5,21.5,12.5,11.5,7.8,6,33.3,46,54,96.6,58,32.3,0.9,3.8,0,1.6,53.8,18408,16.4,29.1,23.1,16.6,14.8,2.2,25359,23.2,10.2,12.4,9.5,11.8,7.8,4,9,23089,28857,16.3,8,75.7
8600000US21802,21802,66,0,0,12.1,51.5,0,22.7,0,13.6,35.5,63.6,36.4,100,87.9,12.1,0,0,0,0,87.9,58,39.7,44.8,15.5,0,0,38.9,66,37.9,22.7,12.1,13.6,0,0,0,0,10583,66,51.5,22.7,25.8
8600000US21804,21804,37988,6.9,14.6,18.1,22.9,13.1,11.4,6.6,6.2,32.8,48,52,98,68.7,24.7,0.1,2.8,0,1.6,65.8,22921,10.4,30.2,29.5,18.3,11.6,1.6,30940,21.9,8,16.5,10.4,14.3,6.9,2.8,8.4,23817,36813,21.8,9.4,68.9
8600000US21810,21810,334,15,4.5,0,27.2,26.3,14.1,12.9,0,46.2,29.6,70.4,100,85,15,0,0,0,0,85,269,14.5,0.7,52,17.5,15.2,22.5,269,19,0,15.2,0,15.2,29.7,0,20.8,62547,334,14.1,0,85.9
8600000US21811,21811,20994,4.1,11.5,6,18.8,14.5,16.6,15.9,12.6,52,45.7,54.3,98.9,85.3,11.6,0.3,1.2,0.2,0.4,82.8,16456,9.1,29.6,30,19.3,12,1.5,18242,15.5,9.9,16.1,11.3,13.1,10.1,3.9,13.3,28779,20795,7.4,9.5,83.1
8600000US21813,21813,2614,4.9,22.8,3.5,21,17.3,14.7,8.1,7.6,43.6,52.5,47.5,99.2,90.4,8.8,0,0,0,0,89.7,1797,7.7,29.9,23.9,24.3,14.2,6.9,2144,12.1,9.8,9.8,7.2,13.6,11.8,3.2,17.8,40000,2614,7.3,3.3,89.4
8600000US21814,21814,566,2.5,16.4,0,13.4,7.1,45.9,8.1,6.5,55.7,52.3,47.7,100,72.3,27.7,0,0,0,0,72.3,459,21.1,48.4,24.6,3.1,2.8,5.1,459,29.6,4.8,3.5,13.3,5.9,9.6,0,5.7,23750,566,29.7,3.9,66.4
8600000US21817,21817,5049,5.5,22.1,6.1,20.2,11.3,15.2,11.7,7.9,41.7,48.2,51.8,94.5,70.3,22.8,0.2,0.6,0,0.6,68.1,3349,18.6,39.7,26.3,8.4,6.9,2.8,3816,19.7,13.2,17.1,10.5,11.7,6.7,2.2,4.9,20837,4961,33.3,7.3,59.4
8600000US21821,21821,896,5,5.8,1.2,13.2,16.7,20.3,20.4,17.3,57.7,49.8,50.2,98,91.1,6.9,0,0,0,0,90.2,788,14.6,44.4,26.9,5.7,8.4,5.2,805,18,12.3,14.2,16.9,14.3,6.8,4.2,2.2,25000,896,19,12.8,68.2
8600000US21822,21822,2039,3,12.1,18.2,18.7,18.2,14.5,8.7,6.4,43.4,45,55,100,80.8,17.7,0,1.5,0,0,80.8,1359,27.2,27.5,22.6,12.2,10.4,4.9,1827,19.6,11.5,10.3,18.3,6.6,5.1,6.8,9.6,25830,2039,12.5,5.5,82
8600000US21824,21824,122,5.7,5.7,0,18,9,19.7,32,9.8,61.3,56.6,43.4,100,100,0,0,0,0,0,100,108,26.9,39.8,25,3.7,4.6,6.5,108,43.5,0,15.7,2.8,14.8,0,4.6,4.6,9922,122,26.2,39.3,34.4
8600000US21826,21826,5250,6.2,18.9,12.4,29.6,11.1,9.1,7.8,4.8,34.5,46.6,53.4,96.4,65.3,24.2,0,6.9,0,0,63,3279,12.9,32.8,23.2,16.1,15.1,5.2,4190,15.8,10.4,14.2,9.8,12.7,11.4,2.8,9.3,28021,5215,18.9,9,72.2
8600000US21829,21829,839,5.8,27.2,6.2,35.3,12,5.1,6,2.4,32.7,51.8,48.2,100,96.3,3.7,0,0,0,0,94.3,510,11,36.7,42.2,8.6,1.6,2.5,585,29.2,5.5,3.1,25.8,14.2,1,1.9,8,26851,747,16.3,21.6,62.1
8600000US21830,21830,3576,4.1,20,5.8,27.6,18.1,11.3,5.8,7.3,40.3,47.1,52.9,97.3,78.2,17.9,0,1.1,0,0,77.2,2508,9.6,27.8,27.6,20.5,14.6,5.8,2933,16.4,7.5,12.1,12.8,15.8,10.5,7.8,8.8,32294,3576,4.9,2.4,92.6
8600000US21835,21835,765,0,13.7,12.4,20.9,7.6,25.6,17.6,2.1,46.4,57.9,42.1,100,76.6,14.1,0,0,0,9.3,76.6,565,9.2,60.9,25.3,0,4.6,5.3,711,16,11,18.3,17,16.2,2.4,1,11.4,30032,765,2.7,8.2,89
8600000US21837,21837,2784,3.6,16,7.3,21.9,19.5,14.2,12,5.5,45.8,50.5,49.5,98,77.4,20.5,0,0.1,0,0,76.1,2036,10.3,46.6,30.2,8.3,4.6,1.9,2364,18.1,9.8,12.9,18.1,10.9,7.3,2.5,11.5,27842,2779,7.3,11.9,80.9
8600000US21838,21838,1659,3.6,14.8,13,12.9,21.9,12.1,14.4,7.4,47.5,48,52,98.9,71,27.9,0,0,0,0,71,1140,13.9,46.1,15.9,16.8,7.3,3.6,1434,15.8,10.1,12.5,16,13.9,7.7,2.2,10.9,28589,1659,9.3,12.8,77.9
8600000US21840,21840,571,2.5,17.3,14.2,20.3,7.4,22.2,13.7,2.5,40.8,51.8,48.2,100,65.3,34.7,0,0,0,0,65.3,377,13,26.5,24.9,27.3,8.2,9.5,498,11.8,23.7,2.4,6.8,6.6,17.1,3.2,4.6,30167,571,19.4,11,69.5
8600000US21841,21841,1073,3.6,15.4,17.7,23.5,17.1,13.4,5.4,3.8,37.4,55.5,44.5,99.2,92.7,6.4,0,0,0,0,91.1,679,9.4,45.4,29.6,11.3,4.3,3.9,933,28.6,7.3,5.6,12.2,25.1,3.9,2.4,7.4,26719,1073,16.7,1,82.3
8600000US21842,21842,11319,3.7,10,5.4,18.3,14.7,18.1,17.8,12,54.1,50.8,49.2,98.2,95.3,2.1,0.1,0.4,0,0.4,89.5,9156,7.2,32.9,27.1,20,12.9,2.7,10074,16.7,9.3,13.9,13,10.5,10.4,3.4,15.5,29105,11297,9.9,7.5,82.6
8600000US21849,21849,3769,7.4,20.2,6.9,24.3,13.5,13,7.7,7,37.8,51.7,48.3,94.5,83.9,10.6,0,0,0,0,79,2468,15.6,42.7,21.6,15.6,4.5,2.5,2913,13.1,14.7,12.1,15.9,17.4,6.7,1.7,7.9,28523,3756,7.9,16.6,75.4
8600000US21850,21850,2631,7.6,18.3,7.6,30,11.6,14.5,6.5,4,35.4,51.4,48.6,98.9,97.4,0.7,0.1,0.7,0,0,96.4,1750,13.6,51.6,26.4,5.5,2.9,1.9,2103,13.1,7.6,13.8,17.3,17.9,9.7,2.6,5.3,30752,2622,13,9.3,77.7
8600000US21851,21851,7657,4.2,20.7,10.6,22.7,12.3,12.9,7.9,8.7,39.2,47.2,52.8,98.8,57.3,36.3,0.1,4.5,0,0.6,57.3,4942,18.3,39.4,21.1,12.7,8.6,2.7,6014,23,11.6,13,12.6,12.1,5.8,2.9,7.1,21995,7563,18.6,12.1,69.3
8600000US21853,21853,10847,6.6,10.5,31.9,19.9,9.9,9.6,6.4,5.1,25.6,44.8,55.2,95.5,40.7,52.6,0,1.7,0.1,0.5,38.8,5526,17.4,38.7,24.2,13.3,6.4,2.2,9311,27.5,9.4,11.6,8.9,9.2,5.8,1.4,2.8,16017,8125,24.1,16.3,59.6
8600000US21856,21856,892,2.1,15.5,6.3,16.9,19.3,16.9,11.1,11.9,49.3,57.5,42.5,98.9,78.6,20.3,0,0,0,0,76.7,679,8.4,27.4,35.9,21.9,6.3,5.7,735,14.6,9.4,14.8,10.3,16.2,6.3,0,13.1,32642,752,13,10.5,76.5
8600000US21861,21861,1003,4.4,20.5,12.3,20.3,8.5,21.7,5.6,6.7,38.6,45.8,54.2,96.1,91.4,1,0,3.7,0,0,90.8,630,14,43,29.8,8.9,4.3,2.9,782,17.1,9.7,13.3,17.1,15.7,5.1,5.8,3.8,28500,989,20,7.3,72.7
8600000US21862,21862,506,0,3.6,24.1,11.3,48.2,0,0,12.8,48.8,74.3,25.7,100,100,0,0,0,0,0,100,366,19.4,80.6,0,0,0,8.5,488,35.5,2.9,19.9,12.7,0,23.2,0,0,16540,506,24.1,31.2,44.7
8600000US21863,21863,5270,7,13.4,10.4,19.7,12.5,16.9,11.6,8.5,44.6,48,52,98.4,71.9,26.2,0,0.3,0,0,71.2,3648,14.2,34.7,29.5,10.5,11.1,3.4,4357,20.3,11.8,11.6,11.6,10.4,8.6,3.9,9.3,25023,4928,17,9.7,73.3
8600000US21864,21864,899,14.6,15.1,10.7,29.1,15,6.3,7.7,1.4,29.2,61,39,100,74.1,25.9,0,0,0,0,70.1,536,14.4,36.4,40.5,3.5,5.2,5,632,13.8,4.1,20.9,21,11.9,8.2,10,6.5,28052,899,23.7,4.8,71.5
8600000US21865,21865,404,0,4,7.9,17.1,23.8,24.3,3.7,19.3,54.3,56.2,43.8,100,55.7,44.3,0,0,0,0,55.7,356,17.7,50.6,0.8,6.5,24.4,22.5,388,19.8,29.1,0,9.5,16.2,3.9,0,12.4,14511,404,7.2,6.4,86.4
8600000US21866,21866,54,0,18.5,9.3,0,38.9,16.7,16.7,0,50.2,55.6,44.4,100,100,0,0,0,0,0,100,39,15.4,69.2,0,15.4,0,47.5,44,56.8,9.1,20.5,0,0,0,0,13.6,9167,54,66.7,0,33.3
8600000US21867,21867,41,22,0,9.8,0,19.5,0,22,26.8,52.9,48.8,51.2,100,100,0,0,0,0,0,100,28,0,100,0,0,0,56,32,25,0,0,0,62.5,0,0,0,39167,41,51.2,0,48.8
8600000US21869,21869,785,6.1,10.7,6.6,26.6,11.7,18,11.5,8.8,44.9,51.6,48.4,97.6,72.2,25.4,0,0,0,0,71.3,601,18.5,38.3,23.5,10.3,9.5,6.9,701,12.7,15.7,16.4,14.1,13.1,7.6,4.1,10,25503,785,6.8,2.4,90.8
8600000US21871,21871,3140,4.1,6.1,11,35.3,15.8,14.1,5.1,8.5,42.1,71.6,28.4,99.2,54,44.2,0.1,0.8,0,0,53.4,2473,26.2,49.8,16.1,5.1,2.9,1.9,2942,13.3,5.7,9.8,6.1,7.5,1.4,1.3,4.1,19330,1663,14.7,13.5,71.8
8600000US21872,21872,605,0,6.1,9.1,24.6,16,29.4,11.6,3.1,53.1,51.1,48.9,91.6,91.6,0,0,0,0,0,88.6,513,13.5,39.2,36.8,10.5,0,6.1,583,22.6,8.1,20.4,12.5,12.7,11,0,8.2,19509,605,6.6,5.3,88.1
8600000US21874,21874,2447,5.1,11.3,12.5,21.5,16.1,17.2,11.1,5.3,44.9,48.5,51.5,97.1,92.4,3.9,0.2,0.6,0,0,91.4,1741,10.8,39.7,32.9,9.9,6.6,3.9,2118,14.6,7.1,21.2,15.1,16.1,13.2,2.4,6,27635,2444,4,7.3,88.7
8600000US21875,21875,6483,3.8,17.8,10.2,27.7,14,11,11.4,3.9,36.8,47,53,97.4,75.9,18.2,0,2.6,0,0.7,71.8,4416,14.1,38.8,28.1,11.2,7.8,2.4,5248,16.9,9.5,18.2,11.5,9.9,8.1,6.1,6.7,24339,6197,19.4,10.4,70.2
8600000US21890,21890,2692,0,0,17.9,54.6,19.3,5.8,2.4,0,33.5,100,0,99,26.6,66.7,1.6,1.3,0,2.9,26.2,2210,31.1,48.8,16.3,0.5,3.3,3.2,2692,3.6,0.2,3.2,2.8,0,0,0,0.1,21029,0,-,-,-
8600000US21901,21901,18253,7.7,17.1,9.6,26.8,16.7,11.8,6.2,4,36.7,50.8,49.2,99.3,88.4,8.8,0.5,1.3,0.1,0.1,86.8,11968,10.7,33.9,29.4,17,8.9,2,14530,13.6,7.3,13.4,12.2,11.9,10.4,4.7,12.2,31231,18193,13,5,82
8600000US21902,21902,214,0,0,0,12.1,20.1,27.6,19.6,20.6,60.3,90.7,9.3,97.7,53.7,42.5,0,1.4,0,0,53.7,214,33.2,37.9,16.4,6.5,6.1,12.6,214,23.4,19.6,13.1,10.7,5.6,0,0,1.9,13355,116,65.5,14.7,19.8
8600000US21903,21903,6061,4.2,18.9,9.6,26.5,11.9,15.8,6.5,6.6,39.8,46.3,53.7,96.6,83.1,8.6,0.2,2.2,0,2.5,73.9,4075,15.5,41.3,19.4,16.1,7.6,3.5,5020,14.1,5.9,14.4,10.7,10,9.2,1.1,14,30996,6015,14.8,10.1,75.1
8600000US21904,21904,7775,5.1,17.2,11.2,22.3,20.6,10.4,9.7,3.5,39.7,46.1,53.9,97.6,91.9,5.2,0.2,0.3,0,0,86.4,5171,16.4,35.7,33.6,9.3,5.1,2.5,6233,18,6.8,14.1,12.1,11.8,9.3,3.5,13.1,28899,7759,12.1,9.1,78.8
8600000US21911,21911,11129,5.6,21.7,6.9,25.6,15.2,11.4,7.2,6.3,40,52.4,47.6,98.5,96.5,1.4,0.2,0.4,0,0,95.2,7312,11.9,42.2,30.8,10.3,4.9,1.4,8587,13.2,9,12.4,12.4,14.1,11.9,5.7,10,32840,10949,7.5,6.9,85.6
8600000US21912,21912,1406,15.6,25.2,6.5,31.9,11.2,5,2.6,1.8,28.8,48.6,51.4,98.6,98.6,0,0,0,0,0,97.7,740,3.2,27.7,50.3,8.2,10.5,13.2,888,14.4,4.7,22.1,1.2,22.2,10.8,6.1,9.9,38353,1370,0,1.8,98.2
8600000US21913,21913,675,9.5,20.9,5,35.3,13.2,8.7,1.2,6.2,35.7,48.6,51.4,100,73,23,0,0,0,4,71.6,436,16.3,49.8,19.7,5.3,8.9,5.8,528,11,8.1,18.2,12.3,13.3,6.8,3.2,5.7,25875,668,9.1,23.4,67.5
8600000US21914,21914,497,1.2,18.1,2.8,18.7,18.9,15.9,13.5,10.9,50,59,41,100,100,0,0,0,0,0,100,387,8,45,28.9,10.6,7.5,6,420,13.3,7.1,13.6,13.1,7.4,10.2,6.9,17.9,34286,497,12.9,0.6,86.5
8600000US21915,21915,2598,3.2,8.9,9.9,16.2,21.6,23.5,10.8,6,49.4,46.7,53.3,99.3,94.5,4.6,0.2,0,0,0,94.3,2028,6.1,35,35.3,17.9,5.9,2.2,2340,12.1,6.8,15,8,9.4,11.8,4.3,21.8,38382,2594,2.6,4.7,92.7
8600000US21916,21916,36,0,0,5.6,5.6,8.3,8.3,47.2,25,73,100,0,100,94.4,5.6,0,0,0,0,94.4,34,5.9,0,26.5,14.7,52.9,52.9,36,63.9,0,16.7,0,5.6,0,0,0,6696,36,77.8,16.7,5.6
8600000US21917,21917,2985,3.5,21.3,11.8,22.5,21.1,11.4,5.4,2.9,40.2,51.2,48.8,98,94.5,1.7,0.6,0.7,0,0.5,92.5,1893,6.4,38.7,32,16.2,6.7,3.6,2428,13.2,10.5,8.2,12.6,11,12,6.3,17.6,36549,2970,3.6,0.9,95.5
8600000US21918,21918,4021,3.9,14.7,9.5,26.1,15,16.4,8.8,5.6,44,48.9,51.1,99.3,96.8,0.8,0,1.7,0,0,95.9,2888,17.4,38,30.1,10.6,3.9,2,3434,19.8,8.4,9.8,9.2,9.3,8.5,6.3,14.5,30648,3992,17.4,4.9,77.8
8600000US21919,21919,3479,4.8,15.5,5.1,15.1,20,16.7,15.4,7.4,50.3,47.9,52.1,97.3,96,0.1,1.2,0,0,0,96,2596,13.1,42.7,28.4,10.3,5.4,3.2,2926,17.9,5.3,14.5,17.1,14.5,5.9,2.4,11.9,26719,3479,18.9,5.1,76
8600000US21920,21920,231,8.2,0,0,47.2,5.2,26.8,0,12.6,43.6,61.5,38.5,100,100,0,0,0,0,0,100,212,28.8,51.4,19.8,0,0,14.2,212,10.8,0,5.7,42,4.7,18.4,0,14.2,33438,231,0,0,100
8600000US21921,21921,42316,6.1,18.7,9.2,24.6,15,13.7,7.6,5,38.6,49.7,50.3,98.3,86.3,9,0.1,1.7,0,1.1,83,27895,12.8,35.1,27.8,15.2,9.1,1.3,33728,12.8,7.7,13.8,12.6,12.6,9.1,5.1,12.3,31965,41259,9.2,8.3,82.5
8600000US21930,21930,127,0,0,0,16.5,19.7,37.8,11,15,58.1,25.2,74.8,100,100,0,0,0,0,0,100,127,15,39.4,19.7,9.4,16.5,20.1,127,15,0,27.6,16.5,11,8.7,0,9.4,27738,127,26.8,11,62.2
