Id,Zipcode,Geography,Estimate; Total:,Estimate; Total: - White alone,Estimate; Total: - Black or African American alone,Estimate; Total: - American Indian and Alaska Native alone,Estimate; Total: - Asian alone,Estimate; Total: - Native Hawaiian and Other Pacific Islander alone,Estimate; Total: - Some other race alone
8600000US20601,20601,ZCTA5 20601,25881,10884,12644,193,715,14,377
8600000US20602,20602,ZCTA5 20602,26647,9573,13869,266,824,0,621
8600000US20603,20603,ZCTA5 20603,31733,10540,17435,29,1782,154,216
8600000US20606,20606,ZCTA5 20606,408,394,14,0,0,0,0
8600000US20607,20607,ZCTA5 20607,9730,2105,6844,0,465,0,52
8600000US20608,20608,ZCTA5 20608,744,376,344,13,0,0,0
8600000US20609,20609,ZCTA5 20609,1090,999,2,0,0,0,0
8600000US20611,20611,ZCTA5 20611,945,694,127,27,42,0,0
8600000US20612,20612,ZCTA5 20612,372,338,0,0,0,0,0
8600000US20613,20613,ZCTA5 20613,14284,5517,8039,225,77,0,81
8600000US20615,20615,ZCTA5 20615,433,433,0,0,0,0,0
8600000US20616,20616,ZCTA5 20616,6604,2682,3539,48,99,0,0
8600000US20617,20617,ZCTA5 20617,969,715,128,0,0,0,0
8600000US20618,20618,ZCTA5 20618,811,632,179,0,0,0,0
8600000US20619,20619,ZCTA5 20619,10886,9060,861,0,386,0,133
8600000US20620,20620,ZCTA5 20620,1291,893,312,0,21,0,31
8600000US20621,20621,ZCTA5 20621,1385,680,662,4,0,0,0
8600000US20622,20622,ZCTA5 20622,4781,3733,755,73,6,0,52
8600000US20623,20623,ZCTA5 20623,2773,556,1868,0,31,0,12
8600000US20624,20624,ZCTA5 20624,1229,1171,58,0,0,0,0
8600000US20625,20625,ZCTA5 20625,630,587,8,0,26,0,0
8600000US20626,20626,ZCTA5 20626,247,221,26,0,0,0,0
8600000US20628,20628,ZCTA5 20628,133,133,0,0,0,0,0
8600000US20629,20629,ZCTA5 20629,263,263,0,0,0,0,0
8600000US20630,20630,ZCTA5 20630,291,291,0,0,0,0,0
8600000US20632,20632,ZCTA5 20632,359,301,46,0,0,0,0
8600000US20634,20634,ZCTA5 20634,6769,4673,1680,22,179,0,61
8600000US20636,20636,ZCTA5 20636,10280,9224,521,0,199,0,116
8600000US20637,20637,ZCTA5 20637,5102,3911,815,0,208,0,0
8600000US20639,20639,ZCTA5 20639,14682,11870,1917,52,259,0,77
8600000US20640,20640,ZCTA5 20640,10579,4953,4692,200,201,6,68
8600000US20645,20645,ZCTA5 20645,1117,932,151,0,0,0,0
8600000US20646,20646,ZCTA5 20646,18937,14205,3670,75,525,0,112
8600000US20650,20650,ZCTA5 20650,13472,11804,1247,48,247,0,7
8600000US20653,20653,ZCTA5 20653,25580,16138,6738,147,1208,6,95
8600000US20657,20657,ZCTA5 20657,19639,16052,2634,0,197,0,163
8600000US20658,20658,ZCTA5 20658,1005,721,219,8,17,0,0
8600000US20659,20659,ZCTA5 20659,24010,20702,2314,48,273,6,146
8600000US20660,20660,ZCTA5 20660,28,28,0,0,0,0,0
8600000US20662,20662,ZCTA5 20662,2836,1822,1014,0,0,0,0
8600000US20664,20664,ZCTA5 20664,2746,2077,566,15,88,0,0
8600000US20667,20667,ZCTA5 20667,485,379,20,0,5,0,0
8600000US20670,20670,ZCTA5 20670,1421,1021,226,5,56,6,18
8600000US20674,20674,ZCTA5 20674,813,749,0,0,26,0,0
8600000US20675,20675,ZCTA5 20675,1398,963,264,66,31,0,0
8600000US20676,20676,ZCTA5 20676,4478,3956,498,24,0,0,0
8600000US20677,20677,ZCTA5 20677,2270,1764,411,0,30,0,8
8600000US20678,20678,ZCTA5 20678,12285,8536,3152,0,161,0,3
8600000US20680,20680,ZCTA5 20680,1461,952,325,0,1,0,0
8600000US20684,20684,ZCTA5 20684,1116,841,144,0,8,0,0
8600000US20685,20685,ZCTA5 20685,6313,5164,723,47,44,0,154
8600000US20686,20686,ZCTA5 20686,1020,896,59,0,30,15,11
8600000US20687,20687,ZCTA5 20687,379,365,0,0,0,0,0
8600000US20688,20688,ZCTA5 20688,1559,1424,75,0,12,0,0
8600000US20689,20689,ZCTA5 20689,1440,1075,328,0,0,0,25
8600000US20690,20690,ZCTA5 20690,567,522,0,0,23,0,0
8600000US20692,20692,ZCTA5 20692,1676,1632,29,0,0,0,0
8600000US20693,20693,ZCTA5 20693,1243,957,149,78,0,0,0
8600000US20695,20695,ZCTA5 20695,4829,2236,2195,0,112,0,103
8600000US20701,20701,ZCTA5 20701,92,42,50,0,0,0,0
8600000US20705,20705,ZCTA5 20705,26658,8058,9774,178,4080,0,3721
8600000US20706,20706,ZCTA5 20706,38682,5978,26703,96,1492,0,3696
8600000US20707,20707,ZCTA5 20707,32099,12008,14070,156,2731,0,1968
8600000US20708,20708,ZCTA5 20708,25375,5666,15752,0,1529,0,1716
8600000US20710,20710,ZCTA5 20710,9559,1502,6072,0,175,0,1726
8600000US20711,20711,ZCTA5 20711,6586,5032,1039,9,91,0,288
8600000US20712,20712,ZCTA5 20712,9000,2811,4435,0,93,0,1322
8600000US20714,20714,ZCTA5 20714,4598,3871,157,15,46,0,309
8600000US20715,20715,ZCTA5 20715,26906,16759,7217,180,1064,16,586
8600000US20716,20716,ZCTA5 20716,21184,5950,13144,0,878,0,368
8600000US20720,20720,ZCTA5 20720,22097,5447,13361,53,2092,0,246
8600000US20721,20721,ZCTA5 20721,27847,2353,24023,96,702,0,147
8600000US20722,20722,ZCTA5 20722,5883,2323,2147,2,249,0,1080
8600000US20723,20723,ZCTA5 20723,31049,15211,8722,122,5005,9,399
8600000US20724,20724,ZCTA5 20724,17000,6575,8191,0,799,0,736
8600000US20732,20732,ZCTA5 20732,9861,8391,890,0,75,0,40
8600000US20733,20733,ZCTA5 20733,2747,2303,185,0,0,0,33
8600000US20735,20735,ZCTA5 20735,38237,3865,31933,55,1005,15,471
8600000US20736,20736,ZCTA5 20736,9517,8146,1007,23,245,0,18
8600000US20737,20737,ZCTA5 20737,21248,10651,7732,212,647,48,1304
8600000US20740,20740,ZCTA5 20740,29017,17247,5058,32,4249,22,1479
8600000US20742,20742,ZCTA5 20742,8574,5103,1741,10,1289,3,263
8600000US20743,20743,ZCTA5 20743,38788,3033,34728,113,85,18,208
8600000US20744,20744,ZCTA5 20744,51460,6710,37907,209,3258,10,1969
8600000US20745,20745,ZCTA5 20745,30260,2383,22827,0,1295,0,3059
8600000US20746,20746,ZCTA5 20746,27659,1917,24176,16,421,0,727
8600000US20747,20747,ZCTA5 20747,37597,2135,34410,180,179,0,175
8600000US20748,20748,ZCTA5 20748,38525,3270,33542,75,618,0,306
8600000US20751,20751,ZCTA5 20751,2315,2190,50,0,0,12,0
8600000US20754,20754,ZCTA5 20754,6809,5900,460,0,134,0,52
8600000US20755,20755,ZCTA5 20755,9809,6574,2091,10,273,0,89
8600000US20758,20758,ZCTA5 20758,486,428,58,0,0,0,0
8600000US20759,20759,ZCTA5 20759,3417,2632,283,0,371,0,0
8600000US20762,20762,ZCTA5 20762,3356,2142,573,191,103,0,151
8600000US20763,20763,ZCTA5 20763,2358,1407,608,15,237,0,11
8600000US20764,20764,ZCTA5 20764,4742,3900,798,0,0,0,14
8600000US20765,20765,ZCTA5 20765,578,506,72,0,0,0,0
8600000US20769,20769,ZCTA5 20769,6793,1715,4419,0,241,0,156
8600000US20770,20770,ZCTA5 20770,25405,7765,13231,38,2049,0,1367
8600000US20772,20772,ZCTA5 20772,44075,6962,34958,77,702,0,457
8600000US20774,20774,ZCTA5 20774,44182,1917,39572,82,1456,0,261
8600000US20776,20776,ZCTA5 20776,3339,3060,230,0,0,0,0
8600000US20777,20777,ZCTA5 20777,3281,3014,135,0,116,0,0
8600000US20778,20778,ZCTA5 20778,2114,1969,138,0,0,0,0
8600000US20779,20779,ZCTA5 20779,1314,1266,33,0,9,0,0
8600000US20781,20781,ZCTA5 20781,11841,6185,3532,17,86,0,1727
8600000US20782,20782,ZCTA5 20782,33480,7462,15622,234,1050,0,8370
8600000US20783,20783,ZCTA5 20783,49006,10768,11770,367,1693,0,23027
8600000US20784,20784,ZCTA5 20784,29383,7463,17892,27,732,75,2072
8600000US20785,20785,ZCTA5 20785,35901,3677,30300,157,335,0,914
8600000US20794,20794,ZCTA5 20794,13917,6540,5556,15,789,0,729
8600000US20812,20812,ZCTA5 20812,255,230,4,0,14,0,0
8600000US20814,20814,ZCTA5 20814,28154,22312,1400,29,3175,71,208
8600000US20815,20815,ZCTA5 20815,30533,26508,821,4,1974,0,319
8600000US20816,20816,ZCTA5 20816,16611,14861,262,7,973,0,55
8600000US20817,20817,ZCTA5 20817,36071,28666,857,33,4923,0,381
8600000US20818,20818,ZCTA5 20818,1948,1758,16,0,96,0,0
8600000US20832,20832,ZCTA5 20832,25999,17963,3604,37,3031,19,354
8600000US20833,20833,ZCTA5 20833,7832,5610,891,23,958,0,77
8600000US20837,20837,ZCTA5 20837,5935,4894,505,0,426,0,79
8600000US20838,20838,ZCTA5 20838,200,193,2,0,5,0,0
8600000US20839,20839,ZCTA5 20839,111,99,5,0,7,0,0
8600000US20841,20841,ZCTA5 20841,10546,4441,1131,78,4185,0,263
8600000US20842,20842,ZCTA5 20842,1879,1735,88,0,39,0,8
8600000US20850,20850,ZCTA5 20850,46711,28104,4761,87,10822,0,1548
8600000US20851,20851,ZCTA5 20851,14352,8195,1326,0,2343,0,1828
8600000US20852,20852,ZCTA5 20852,44596,30595,3244,148,7997,42,1003
8600000US20853,20853,ZCTA5 20853,30073,18760,3735,44,3542,91,2828
8600000US20854,20854,ZCTA5 20854,50369,36503,2574,84,9676,0,145
8600000US20855,20855,ZCTA5 20855,14178,9158,1419,32,2816,0,84
8600000US20860,20860,ZCTA5 20860,2347,1427,513,0,335,0,0
8600000US20861,20861,ZCTA5 20861,1999,1588,257,0,113,0,0
8600000US20862,20862,ZCTA5 20862,154,124,19,0,0,0,0
8600000US20866,20866,ZCTA5 20866,12900,4036,5249,87,2110,0,576
8600000US20868,20868,ZCTA5 20868,1199,542,94,0,563,0,0
8600000US20871,20871,ZCTA5 20871,15246,8046,1718,99,4268,0,198
8600000US20872,20872,ZCTA5 20872,13238,10647,1034,12,1016,0,110
8600000US20874,20874,ZCTA5 20874,57979,29448,13889,379,9587,0,2062
8600000US20876,20876,ZCTA5 20876,26300,12256,5480,120,5440,0,1467
8600000US20877,20877,ZCTA5 20877,36816,15747,6907,69,5838,0,6546
8600000US20878,20878,ZCTA5 20878,63855,36968,6495,346,15049,0,1781
8600000US20879,20879,ZCTA5 20879,25592,11297,6109,172,3794,0,2775
8600000US20880,20880,ZCTA5 20880,538,431,54,0,25,0,0
8600000US20882,20882,ZCTA5 20882,14397,11556,951,22,717,20,343
8600000US20886,20886,ZCTA5 20886,34337,17467,7972,41,3917,3,3065
8600000US20895,20895,ZCTA5 20895,19284,15610,921,55,1043,0,947
8600000US20896,20896,ZCTA5 20896,1005,921,42,0,26,0,0
8600000US20899,20899,ZCTA5 20899,131,31,57,0,43,0,0
8600000US20901,20901,ZCTA5 20901,36308,18800,8485,219,3193,49,4041
8600000US20902,20902,ZCTA5 20902,50980,22301,9065,171,5635,0,11742
8600000US20903,20903,ZCTA5 20903,25521,4628,6685,36,2532,0,10909
8600000US20904,20904,ZCTA5 20904,56395,15841,25585,59,7588,19,4195
8600000US20905,20905,ZCTA5 20905,17867,8326,5010,0,2999,0,1042
8600000US20906,20906,ZCTA5 20906,68733,25405,18863,89,7602,41,14262
8600000US20910,20910,ZCTA5 20910,39689,21394,11447,141,2722,36,2321
8600000US20912,20912,ZCTA5 20912,24993,10789,9961,31,1010,0,2389
8600000US21001,21001,ZCTA5 21001,22445,13901,6653,72,521,0,513
8600000US21005,21005,ZCTA5 21005,2497,1312,656,0,129,4,111
8600000US21009,21009,ZCTA5 21009,29587,23168,3736,20,1567,0,404
8600000US21010,21010,ZCTA5 21010,93,56,10,0,13,0,4
8600000US21012,21012,ZCTA5 21012,21298,19031,625,0,646,67,187
8600000US21013,21013,ZCTA5 21013,5008,4900,0,0,86,0,0
8600000US21014,21014,ZCTA5 21014,35085,31447,1607,0,1056,0,125
8600000US21015,21015,ZCTA5 21015,28053,24715,1552,16,899,38,285
8600000US21017,21017,ZCTA5 21017,7527,5168,1634,17,360,0,166
8600000US21028,21028,ZCTA5 21028,3649,3301,95,0,71,0,26
8600000US21029,21029,ZCTA5 21029,12642,7697,945,8,3595,0,69
8600000US21030,21030,ZCTA5 21030,25321,17033,3732,269,3346,34,273
8600000US21031,21031,ZCTA5 21031,25,0,0,0,25,0,0
8600000US21032,21032,ZCTA5 21032,8961,8415,382,15,70,0,5
8600000US21034,21034,ZCTA5 21034,3393,3343,46,0,4,0,0
8600000US21035,21035,ZCTA5 21035,8246,7729,262,0,140,0,44
8600000US21036,21036,ZCTA5 21036,2469,2126,19,0,311,0,0
8600000US21037,21037,ZCTA5 21037,20907,19053,704,93,331,0,198
8600000US21040,21040,ZCTA5 21040,25027,12362,10313,25,374,0,893
8600000US21042,21042,ZCTA5 21042,40585,29622,2663,9,6916,6,207
8600000US21043,21043,ZCTA5 21043,42784,24428,5527,112,11044,0,324
8600000US21044,21044,ZCTA5 21044,42011,24048,10922,165,4474,84,753
8600000US21045,21045,ZCTA5 21045,39832,19581,11175,63,5194,0,1973
8600000US21046,21046,ZCTA5 21046,16147,10090,4270,4,1079,0,171
8600000US21047,21047,ZCTA5 21047,11662,11415,74,9,22,0,0
8600000US21048,21048,ZCTA5 21048,10364,9483,367,0,280,0,175
8600000US21050,21050,ZCTA5 21050,18897,17327,825,0,332,0,75
8600000US21051,21051,ZCTA5 21051,272,266,0,0,0,0,0
8600000US21052,21052,ZCTA5 21052,279,279,0,0,0,0,0
8600000US21053,21053,ZCTA5 21053,3300,3170,46,0,14,0,0
8600000US21054,21054,ZCTA5 21054,10182,8208,834,16,553,0,149
8600000US21056,21056,ZCTA5 21056,249,249,0,0,0,0,0
8600000US21057,21057,ZCTA5 21057,3947,3546,261,0,92,0,29
8600000US21060,21060,ZCTA5 21060,30921,22903,5314,80,807,131,833
8600000US21061,21061,ZCTA5 21061,55022,32230,14250,244,3348,0,1970
8600000US21071,21071,ZCTA5 21071,541,490,25,0,26,0,0
8600000US21074,21074,ZCTA5 21074,14602,14074,138,0,221,0,0
8600000US21075,21075,ZCTA5 21075,28613,16465,5634,82,4201,15,1203
8600000US21076,21076,ZCTA5 21076,14148,7410,3878,10,2165,0,156
8600000US21077,21077,ZCTA5 21077,166,166,0,0,0,0,0
8600000US21078,21078,ZCTA5 21078,18653,14407,2965,170,548,0,82
8600000US21082,21082,ZCTA5 21082,352,319,33,0,0,0,0
8600000US21084,21084,ZCTA5 21084,7358,7204,61,18,43,0,0
8600000US21085,21085,ZCTA5 21085,16377,13332,2174,0,328,0,253
8600000US21087,21087,ZCTA5 21087,5584,5463,60,14,21,0,0
8600000US21090,21090,ZCTA5 21090,9928,9294,108,30,402,0,20
8600000US21093,21093,ZCTA5 21093,37384,31214,1197,86,3869,5,323
8600000US21102,21102,ZCTA5 21102,10878,10154,199,13,41,0,38
8600000US21104,21104,ZCTA5 21104,4944,4386,208,10,212,0,0
8600000US21105,21105,ZCTA5 21105,16,16,0,0,0,0,0
8600000US21108,21108,ZCTA5 21108,17659,13524,2033,20,733,0,337
8600000US21111,21111,ZCTA5 21111,4238,3880,149,12,188,0,0
8600000US21113,21113,ZCTA5 21113,32004,19362,8487,205,1607,0,733
8600000US21114,21114,ZCTA5 21114,26158,20680,3059,73,921,0,398
8600000US21117,21117,ZCTA5 21117,57724,26764,23888,178,4894,51,658
8600000US21120,21120,ZCTA5 21120,7155,6893,3,55,140,0,0
8600000US21122,21122,ZCTA5 21122,60439,53844,3376,80,1053,62,573
8600000US21128,21128,ZCTA5 21128,14543,10584,1502,15,2141,78,27
8600000US21130,21130,ZCTA5 21130,364,324,40,0,0,0,0
8600000US21131,21131,ZCTA5 21131,7288,6751,216,0,184,0,0
8600000US21132,21132,ZCTA5 21132,2548,2517,0,0,0,0,0
8600000US21133,21133,ZCTA5 21133,31099,4427,25429,2,398,16,152
8600000US21136,21136,ZCTA5 21136,33512,22679,7208,53,2120,0,717
8600000US21140,21140,ZCTA5 21140,3386,3329,0,0,45,0,0
8600000US21144,21144,ZCTA5 21144,32488,17827,10393,52,1940,132,419
8600000US21146,21146,ZCTA5 21146,27434,24735,1249,32,837,0,14
8600000US21152,21152,ZCTA5 21152,5908,5178,500,8,142,0,0
8600000US21153,21153,ZCTA5 21153,313,282,0,0,21,0,0
8600000US21154,21154,ZCTA5 21154,6678,6270,124,70,11,24,93
8600000US21155,21155,ZCTA5 21155,2576,2493,47,0,19,0,0
8600000US21156,21156,ZCTA5 21156,373,362,0,0,11,0,0
8600000US21157,21157,ZCTA5 21157,37094,34241,1568,64,546,16,170
8600000US21158,21158,ZCTA5 21158,20113,18707,840,0,196,0,0
8600000US21160,21160,ZCTA5 21160,2349,2199,87,0,21,0,0
8600000US21161,21161,ZCTA5 21161,5661,5386,184,0,24,0,0
8600000US21162,21162,ZCTA5 21162,3878,3005,229,0,529,0,9
8600000US21163,21163,ZCTA5 21163,7190,3938,1633,11,1425,0,86
8600000US21201,21201,ZCTA5 21201,16188,6254,8129,50,1102,16,123
8600000US21202,21202,ZCTA5 21202,21656,6397,13773,48,830,10,289
8600000US21204,21204,ZCTA5 21204,20269,16360,2296,15,1289,0,97
8600000US21205,21205,ZCTA5 21205,15869,3404,10864,96,200,0,862
8600000US21206,21206,ZCTA5 21206,50231,12558,34194,45,1384,85,635
8600000US21207,21207,ZCTA5 21207,48889,5533,41514,151,426,5,369
8600000US21208,21208,ZCTA5 21208,33510,18636,13288,41,955,0,259
8600000US21209,21209,ZCTA5 21209,27808,20977,3612,22,2432,0,136
8600000US21210,21210,ZCTA5 21210,14873,11279,1320,50,1662,0,144
8600000US21211,21211,ZCTA5 21211,17080,13132,2291,0,1076,5,137
8600000US21212,21212,ZCTA5 21212,33000,17355,13461,33,948,0,251
8600000US21213,21213,ZCTA5 21213,29773,1890,27431,19,71,0,97
8600000US21214,21214,ZCTA5 21214,20817,8342,10914,173,431,6,342
8600000US21215,21215,ZCTA5 21215,63763,10121,50831,263,448,92,667
8600000US21216,21216,ZCTA5 21216,25599,409,24692,26,48,0,17
8600000US21217,21217,ZCTA5 21217,40614,3725,35215,77,621,6,359
8600000US21218,21218,ZCTA5 21218,49259,14207,30541,325,2555,0,296
8600000US21219,21219,ZCTA5 21219,8927,8153,522,8,87,0,12
8600000US21220,21220,ZCTA5 21220,40399,30726,7618,111,828,18,221
8600000US21221,21221,ZCTA5 21221,40187,27847,9783,59,772,0,736
8600000US21222,21222,ZCTA5 21222,55043,43981,5902,358,1758,30,781
8600000US21223,21223,ZCTA5 21223,24879,4931,18231,230,324,0,176
8600000US21224,21224,ZCTA5 21224,49345,34761,9502,349,680,0,2931
8600000US21225,21225,ZCTA5 21225,33091,15322,14040,106,865,0,1300
8600000US21226,21226,ZCTA5 21226,7766,5907,1371,12,127,0,38
8600000US21227,21227,ZCTA5 21227,34584,24448,6636,29,1462,46,729
8600000US21228,21228,ZCTA5 21228,49527,33877,10758,254,2713,0,1018
8600000US21229,21229,ZCTA5 21229,46669,8102,35516,43,1213,21,239
8600000US21230,21230,ZCTA5 21230,34441,22753,9317,19,1026,8,376
8600000US21231,21231,ZCTA5 21231,17148,9996,5433,9,699,0,789
8600000US21234,21234,ZCTA5 21234,69316,45452,18471,57,3062,10,1004
8600000US21236,21236,ZCTA5 21236,37640,28192,4797,101,3001,6,516
8600000US21237,21237,ZCTA5 21237,30342,17143,9317,89,1894,57,723
8600000US21239,21239,ZCTA5 21239,31455,4383,25572,100,808,0,111
8600000US21240,21240,ZCTA5 21240,0,0,0,0,0,0,0
8600000US21244,21244,ZCTA5 21244,36697,5146,27161,84,2676,0,631
8600000US21250,21250,ZCTA5 21250,3026,1909,673,8,330,0,30
8600000US21251,21251,ZCTA5 21251,820,228,470,4,45,0,11
8600000US21252,21252,ZCTA5 21252,2683,1820,665,0,141,0,28
8600000US21286,21286,ZCTA5 21286,20051,16566,1972,26,1108,0,45
8600000US21401,21401,ZCTA5 21401,37482,27771,6602,8,799,0,1630
8600000US21402,21402,ZCTA5 21402,5878,4443,394,42,248,24,327
8600000US21403,21403,ZCTA5 21403,30453,21624,4725,0,728,0,2640
8600000US21405,21405,ZCTA5 21405,576,576,0,0,0,0,0
8600000US21409,21409,ZCTA5 21409,20153,18012,1130,39,509,0,146
8600000US21502,21502,ZCTA5 21502,43546,37295,4758,81,351,19,122
8600000US21520,21520,ZCTA5 21520,2081,2054,0,0,24,0,2
8600000US21521,21521,ZCTA5 21521,1256,1241,0,3,5,0,0
8600000US21522,21522,ZCTA5 21522,131,131,0,0,0,0,0
8600000US21523,21523,ZCTA5 21523,236,229,0,0,0,0,7
8600000US21524,21524,ZCTA5 21524,495,495,0,0,0,0,0
8600000US21529,21529,ZCTA5 21529,546,529,0,0,0,0,0
8600000US21530,21530,ZCTA5 21530,1685,1582,27,0,59,0,2
8600000US21531,21531,ZCTA5 21531,2280,2271,0,6,0,0,0
8600000US21532,21532,ZCTA5 21532,15586,13911,1033,34,209,19,37
8600000US21536,21536,ZCTA5 21536,4443,4341,38,5,0,0,0
8600000US21538,21538,ZCTA5 21538,565,560,0,0,0,0,0
8600000US21539,21539,ZCTA5 21539,2784,2691,66,3,3,0,0
8600000US21540,21540,ZCTA5 21540,91,91,0,0,0,0,0
8600000US21541,21541,ZCTA5 21541,1051,1024,9,0,18,0,0
8600000US21542,21542,ZCTA5 21542,642,619,0,0,5,0,0
8600000US21543,21543,ZCTA5 21543,76,76,0,0,0,0,0
8600000US21545,21545,ZCTA5 21545,2011,1941,32,2,0,0,9
8600000US21550,21550,ZCTA5 21550,14493,14045,141,2,60,20,15
8600000US21555,21555,ZCTA5 21555,1861,1771,86,4,0,0,0
8600000US21557,21557,ZCTA5 21557,2016,1995,0,0,0,0,0
8600000US21561,21561,ZCTA5 21561,2557,2497,39,0,11,0,0
8600000US21562,21562,ZCTA5 21562,2992,2983,3,3,0,0,0
8600000US21601,21601,ZCTA5 21601,24227,19393,3564,16,536,0,201
8600000US21607,21607,ZCTA5 21607,644,527,117,0,0,0,0
8600000US21610,21610,ZCTA5 21610,337,306,6,24,0,0,0
8600000US21612,21612,ZCTA5 21612,349,349,0,0,0,0,0
8600000US21613,21613,ZCTA5 21613,17409,10096,6433,34,209,0,380
8600000US21617,21617,ZCTA5 21617,10141,9228,730,25,44,0,0
8600000US21619,21619,ZCTA5 21619,5756,5172,246,26,46,0,0
8600000US21620,21620,ZCTA5 21620,12406,9649,2436,0,155,0,15
8600000US21622,21622,ZCTA5 21622,812,680,108,0,1,0,8
8600000US21623,21623,ZCTA5 21623,2271,1823,416,5,1,0,0
8600000US21624,21624,ZCTA5 21624,120,110,0,0,10,0,0
8600000US21625,21625,ZCTA5 21625,2640,2315,308,0,10,0,7
8600000US21626,21626,ZCTA5 21626,122,104,0,0,18,0,0
8600000US21627,21627,ZCTA5 21627,74,74,0,0,0,0,0
8600000US21628,21628,ZCTA5 21628,592,543,49,0,0,0,0
8600000US21629,21629,ZCTA5 21629,9625,7530,1629,23,33,6,240
8600000US21631,21631,ZCTA5 21631,2638,2423,170,0,30,0,5
8600000US21632,21632,ZCTA5 21632,5838,4053,1626,0,0,0,0
8600000US21634,21634,ZCTA5 21634,352,345,0,0,7,0,0
8600000US21635,21635,ZCTA5 21635,2251,2145,68,19,1,0,0
8600000US21636,21636,ZCTA5 21636,1244,1071,105,0,0,0,22
8600000US21638,21638,ZCTA5 21638,4959,4188,507,0,125,0,11
8600000US21639,21639,ZCTA5 21639,4424,3993,335,28,2,0,0
8600000US21640,21640,ZCTA5 21640,1284,1222,27,22,0,0,13
8600000US21641,21641,ZCTA5 21641,63,63,0,0,0,0,0
8600000US21643,21643,ZCTA5 21643,5128,3318,1515,0,65,0,90
8600000US21644,21644,ZCTA5 21644,163,163,0,0,0,0,0
8600000US21645,21645,ZCTA5 21645,1028,936,79,0,0,0,13
8600000US21647,21647,ZCTA5 21647,212,160,42,0,0,0,10
8600000US21648,21648,ZCTA5 21648,330,297,13,0,10,0,10
8600000US21649,21649,ZCTA5 21649,1985,1480,2,0,35,0,441
8600000US21650,21650,ZCTA5 21650,88,88,0,0,0,0,0
8600000US21651,21651,ZCTA5 21651,3363,2820,414,46,11,0,11
8600000US21652,21652,ZCTA5 21652,181,181,0,0,0,0,0
8600000US21653,21653,ZCTA5 21653,69,69,0,0,0,0,0
8600000US21654,21654,ZCTA5 21654,1025,988,33,0,0,0,0
8600000US21655,21655,ZCTA5 21655,5148,4428,555,0,64,0,0
8600000US21657,21657,ZCTA5 21657,939,720,219,0,0,0,0
8600000US21658,21658,ZCTA5 21658,3891,3569,140,20,76,0,17
8600000US21659,21659,ZCTA5 21659,1525,1129,342,0,23,0,0
8600000US21660,21660,ZCTA5 21660,4198,3415,573,0,23,14,17
8600000US21661,21661,ZCTA5 21661,2723,2493,212,0,13,0,4
8600000US21662,21662,ZCTA5 21662,793,566,179,4,0,0,0
8600000US21663,21663,ZCTA5 21663,3070,2681,314,0,8,0,15
8600000US21664,21664,ZCTA5 21664,855,736,0,0,22,0,92
8600000US21665,21665,ZCTA5 21665,346,307,0,0,0,0,33
8600000US21666,21666,ZCTA5 21666,12028,11607,138,35,95,0,24
8600000US21667,21667,ZCTA5 21667,239,239,0,0,0,0,0
8600000US21668,21668,ZCTA5 21668,1881,1546,89,23,8,0,195
8600000US21669,21669,ZCTA5 21669,169,169,0,0,0,0,0
8600000US21671,21671,ZCTA5 21671,879,862,0,8,0,0,0
8600000US21672,21672,ZCTA5 21672,164,156,0,0,0,0,0
8600000US21673,21673,ZCTA5 21673,3164,2440,620,0,5,24,34
8600000US21675,21675,ZCTA5 21675,72,72,0,0,0,0,0
8600000US21676,21676,ZCTA5 21676,419,364,42,0,0,0,0
8600000US21677,21677,ZCTA5 21677,624,596,9,0,0,0,0
8600000US21678,21678,ZCTA5 21678,2495,1736,672,0,0,0,75
8600000US21679,21679,ZCTA5 21679,400,400,0,0,0,0,0
8600000US21701,21701,ZCTA5 21701,36530,29569,3875,229,1421,0,431
8600000US21702,21702,ZCTA5 21702,38203,25568,6972,413,2304,96,1259
8600000US21703,21703,ZCTA5 21703,32894,21547,5341,77,2709,9,1808
8600000US21704,21704,ZCTA5 21704,14820,10696,1328,94,1761,0,242
8600000US21705,21705,ZCTA5 21705,4,0,2,0,0,0,0
8600000US21710,21710,ZCTA5 21710,4995,4575,158,0,59,0,9
8600000US21711,21711,ZCTA5 21711,837,825,0,0,0,0,0
8600000US21713,21713,ZCTA5 21713,9164,8773,172,21,120,0,2
8600000US21714,21714,ZCTA5 21714,52,52,0,0,0,0,0
8600000US21716,21716,ZCTA5 21716,5037,4788,97,0,0,12,0
8600000US21717,21717,ZCTA5 21717,34,34,0,0,0,0,0
8600000US21718,21718,ZCTA5 21718,153,151,0,0,0,0,0
8600000US21719,21719,ZCTA5 21719,1412,1364,1,0,0,8,0
8600000US21722,21722,ZCTA5 21722,5530,5226,76,3,50,0,11
8600000US21723,21723,ZCTA5 21723,631,362,119,0,124,10,0
8600000US21727,21727,ZCTA5 21727,6561,5970,273,15,166,0,65
8600000US21733,21733,ZCTA5 21733,863,850,0,0,0,0,0
8600000US21734,21734,ZCTA5 21734,805,771,18,0,0,0,8
8600000US21737,21737,ZCTA5 21737,1815,1327,33,0,417,0,0
8600000US21738,21738,ZCTA5 21738,3450,2891,27,0,452,0,0
8600000US21740,21740,ZCTA5 21740,61584,47853,9572,186,900,20,385
8600000US21742,21742,ZCTA5 21742,32549,27534,2947,85,1012,0,171
8600000US21746,21746,ZCTA5 21746,3074,887,2011,14,20,0,16
8600000US21750,21750,ZCTA5 21750,4023,3938,26,5,12,0,0
8600000US21754,21754,ZCTA5 21754,6148,5684,55,0,261,0,95
8600000US21755,21755,ZCTA5 21755,6040,5796,87,0,72,0,4
8600000US21756,21756,ZCTA5 21756,3706,3540,85,2,4,0,5
8600000US21757,21757,ZCTA5 21757,2961,2898,20,8,5,0,0
8600000US21758,21758,ZCTA5 21758,4759,4337,330,29,13,0,2
8600000US21762,21762,ZCTA5 21762,180,180,0,0,0,0,0
8600000US21766,21766,ZCTA5 21766,497,489,8,0,0,0,0
8600000US21767,21767,ZCTA5 21767,1148,1044,80,0,0,0,24
8600000US21769,21769,ZCTA5 21769,11190,10581,162,25,227,0,8
8600000US21770,21770,ZCTA5 21770,5457,5157,95,0,62,0,0
8600000US21771,21771,ZCTA5 21771,29558,27855,572,117,376,0,55
8600000US21773,21773,ZCTA5 21773,5422,5258,26,6,66,0,33
8600000US21774,21774,ZCTA5 21774,12425,11192,493,16,367,17,56
8600000US21776,21776,ZCTA5 21776,5251,4782,193,0,122,0,62
8600000US21777,21777,ZCTA5 21777,1700,1304,335,0,6,0,5
8600000US21778,21778,ZCTA5 21778,1141,835,18,0,9,0,246
8600000US21779,21779,ZCTA5 21779,853,771,23,15,5,0,0
8600000US21780,21780,ZCTA5 21780,1623,1520,69,0,18,0,0
8600000US21781,21781,ZCTA5 21781,93,56,30,0,7,0,0
8600000US21782,21782,ZCTA5 21782,4367,4195,33,3,9,13,0
8600000US21783,21783,ZCTA5 21783,9031,8536,152,6,57,0,71
8600000US21784,21784,ZCTA5 21784,39696,36348,1300,84,1023,17,87
8600000US21787,21787,ZCTA5 21787,11531,10626,410,17,164,0,59
8600000US21788,21788,ZCTA5 21788,11794,11479,106,11,21,5,13
8600000US21790,21790,ZCTA5 21790,45,45,0,0,0,0,0
8600000US21791,21791,ZCTA5 21791,5643,5281,223,4,28,0,71
8600000US21793,21793,ZCTA5 21793,10149,8884,616,24,185,0,58
8600000US21794,21794,ZCTA5 21794,2421,1727,109,0,487,0,12
8600000US21795,21795,ZCTA5 21795,9225,8687,250,10,175,6,15
8600000US21797,21797,ZCTA5 21797,8160,7688,134,0,199,0,30
8600000US21798,21798,ZCTA5 21798,2647,2448,24,2,39,5,35
8600000US21801,21801,ZCTA5 21801,31052,18021,10022,283,1189,0,484
8600000US21802,21802,ZCTA5 21802,66,58,8,0,0,0,0
8600000US21804,21804,ZCTA5 21804,37988,26116,9392,23,1076,12,591
8600000US21810,21810,ZCTA5 21810,334,284,50,0,0,0,0
8600000US21811,21811,ZCTA5 21811,20994,17910,2438,57,257,33,76
8600000US21813,21813,ZCTA5 21813,2614,2363,229,0,0,0,0
8600000US21814,21814,ZCTA5 21814,566,409,157,0,0,0,0
8600000US21817,21817,ZCTA5 21817,5049,3550,1153,8,29,0,32
8600000US21821,21821,ZCTA5 21821,896,816,62,0,0,0,0
8600000US21822,21822,ZCTA5 21822,2039,1648,360,0,31,0,0
8600000US21824,21824,ZCTA5 21824,122,122,0,0,0,0,0
8600000US21826,21826,ZCTA5 21826,5250,3430,1269,0,363,0,0
8600000US21829,21829,ZCTA5 21829,839,808,31,0,0,0,0
8600000US21830,21830,ZCTA5 21830,3576,2798,640,0,40,0,0
8600000US21835,21835,ZCTA5 21835,765,586,108,0,0,0,71
8600000US21837,21837,ZCTA5 21837,2784,2154,571,0,2,0,0
8600000US21838,21838,ZCTA5 21838,1659,1178,463,0,0,0,0
8600000US21840,21840,ZCTA5 21840,571,373,198,0,0,0,0
8600000US21841,21841,ZCTA5 21841,1073,995,69,0,0,0,0
8600000US21842,21842,ZCTA5 21842,11319,10792,233,11,40,0,40
8600000US21849,21849,ZCTA5 21849,3769,3163,399,0,0,0,0
8600000US21850,21850,ZCTA5 21850,2631,2563,18,3,18,0,0
8600000US21851,21851,ZCTA5 21851,7657,4385,2781,9,344,0,45
8600000US21853,21853,ZCTA5 21853,10847,4415,5704,0,183,6,49
8600000US21856,21856,ZCTA5 21856,892,701,181,0,0,0,0
8600000US21861,21861,ZCTA5 21861,1003,917,10,0,37,0,0
8600000US21862,21862,ZCTA5 21862,506,506,0,0,0,0,0
8600000US21863,21863,ZCTA5 21863,5270,3790,1379,0,16,0,0
8600000US21864,21864,ZCTA5 21864,899,666,233,0,0,0,0
8600000US21865,21865,ZCTA5 21865,404,225,179,0,0,0,0
8600000US21866,21866,ZCTA5 21866,54,54,0,0,0,0,0
8600000US21867,21867,ZCTA5 21867,41,41,0,0,0,0,0
8600000US21869,21869,ZCTA5 21869,785,567,199,0,0,0,0
8600000US21871,21871,ZCTA5 21871,3140,1697,1388,4,25,0,0
8600000US21872,21872,ZCTA5 21872,605,554,0,0,0,0,0
8600000US21874,21874,ZCTA5 21874,2447,2261,96,5,14,0,0
8600000US21875,21875,ZCTA5 21875,6483,4921,1181,0,167,0,47
8600000US21890,21890,ZCTA5 21890,2692,715,1795,43,34,0,78
8600000US21901,21901,ZCTA5 21901,18253,16139,1615,87,239,20,18
8600000US21902,21902,ZCTA5 21902,214,115,91,0,3,0,0
8600000US21903,21903,ZCTA5 21903,6061,5037,524,12,131,0,150
8600000US21904,21904,ZCTA5 21904,7775,7144,403,14,26,0,2
8600000US21911,21911,ZCTA5 21911,11129,10734,157,26,49,0,0
8600000US21912,21912,ZCTA5 21912,1406,1387,0,0,0,0,0
8600000US21913,21913,ZCTA5 21913,675,493,155,0,0,0,27
8600000US21914,21914,ZCTA5 21914,497,497,0,0,0,0,0
8600000US21915,21915,ZCTA5 21915,2598,2456,120,4,0,0,0
8600000US21916,21916,ZCTA5 21916,36,34,2,0,0,0,0
8600000US21917,21917,ZCTA5 21917,2985,2822,51,17,22,0,14
8600000US21918,21918,ZCTA5 21918,4021,3891,32,0,68,0,0
8600000US21919,21919,ZCTA5 21919,3479,3340,2,43,0,0,0
8600000US21920,21920,ZCTA5 21920,231,231,0,0,0,0,0
8600000US21921,21921,ZCTA5 21921,42316,36505,3823,50,736,0,474
8600000US21930,21930,ZCTA5 21930,127,127,0,0,0,0,0
